id,length_ungapped,valid_for_analysis,molecular_mass,aromaticity,isoelectric_point,gravy,ext_coeff_reduced,ext_coeff_cystine,count_A,count_C,count_D,count_E,count_F,count_G,count_H,count_I,count_K,count_L,count_M,count_N,count_P,count_Q,count_R,count_S,count_T,count_V,count_W,count_Y,lineage,lineage_with_v
GU481068,490,True,55679.827600000004,0.10204081632653061,7.545171546936037,-0.06040816326530615,76780,77905,24,18,20,21,20,32,20,39,25,56,19,32,15,18,17,34,31,19,8,22,lineageII,lineageII
MH887804,490,True,55740.8677,0.10204081632653061,7.546194648742676,-0.06673469387755106,76780,77905,22,18,20,21,20,32,20,38,24,56,19,31,15,18,18,34,34,20,8,22,lineageII,lineageII
MH887803,490,True,55739.8566,0.10204081632653061,7.545228385925294,-0.06816326530612248,76780,77905,21,18,21,21,20,32,20,38,25,56,18,29,15,18,18,35,34,21,8,22,lineageII,lineageII
MH887802,490,True,55708.8425,0.10204081632653061,7.545171546936037,-0.06102040816326534,76780,77905,22,18,20,21,20,32,20,39,25,57,18,31,15,18,17,34,34,19,8,22,lineageII,lineageII
MH887801,490,True,55711.803400000004,0.10204081632653061,7.546194648742676,-0.061224489795918394,76780,77905,21,18,20,21,20,32,20,39,24,56,18,30,15,18,18,36,34,20,8,22,lineageII,lineageII
MH887800,490,True,55700.8005,0.10204081632653061,7.545171546936037,-0.07204081632653063,76780,77905,21,18,20,21,20,32,20,36,25,56,19,31,15,18,17,35,34,22,8,22,lineageII,lineageII
MH887799,490,True,55624.745800000004,0.10204081632653061,7.257225227355957,-0.056122448979591864,76780,77905,23,18,20,21,20,33,20,41,25,56,19,32,15,18,16,35,31,17,8,22,lineageII,lineageII
MH887797,490,True,55538.5674,0.10224948875255624,7.545171546936037,-0.06462167689161558,76780,77905,21,18,20,21,20,32,20,38,25,56,17,30,15,18,17,36,34,21,8,22,lineageII,lineageII
MH887796,490,True,55764.90729999999,0.10204081632653061,7.537157249450685,-0.08244897959183677,76780,77905,21,18,20,21,20,32,19,37,25,56,20,31,15,20,17,35,33,20,8,22,lineageII,lineageII
MH887795,490,True,55682.682700000005,0.10204081632653061,7.546251487731935,-0.09061224489795922,76780,77905,22,18,21,21,20,33,20,36,24,56,18,30,15,18,19,35,33,21,8,22,lineageII,lineageII
MH887793,490,True,55668.7356,0.10204081632653061,7.545171546936037,-0.07102040816326534,76780,77905,22,18,20,21,20,32,20,38,25,56,18,31,15,18,17,35,34,20,8,22,lineageII,lineageII
MH887792,490,True,55748.8915,0.1,7.547217750549317,-0.06530612244897963,76780,77905,22,18,20,21,19,32,20,39,23,57,19,31,15,18,19,34,34,19,8,22,lineageII,lineageII
MH887791,490,True,55696.788700000005,0.10204081632653061,7.545171546936037,-0.06612244897959187,76780,77905,21,18,20,21,20,32,20,38,25,56,18,31,15,18,17,35,34,21,8,22,lineageII,lineageII
MH887790,490,True,55696.788700000005,0.10204081632653061,7.545171546936037,-0.06612244897959187,76780,77905,21,18,20,21,20,32,20,38,25,56,18,31,15,18,17,35,34,21,8,22,lineageII,lineageII
MH887789,490,True,55710.841700000004,0.10204081632653061,7.546194648742676,-0.06163265306122453,76780,77905,23,18,20,21,20,32,20,38,24,56,19,31,15,18,18,34,33,20,8,22,lineageII,lineageII
MH887788,490,True,55698.827699999994,0.10204081632653061,7.545171546936037,-0.06571428571428575,76780,77905,22,18,20,21,20,32,20,38,25,56,19,31,15,18,17,35,33,20,8,22,lineageII,lineageII
MH887787,490,True,55742.840500000006,0.10204081632653061,7.546194648742676,-0.07265306122448983,76780,77905,21,18,20,21,20,32,20,37,24,56,19,31,15,18,18,35,34,21,8,22,lineageII,lineageII
MH887786,490,True,55712.788199999995,0.10204081632653061,7.545171546936037,-0.07551020408163268,76780,77905,21,18,20,21,20,32,20,39,25,56,18,31,15,18,17,35,35,19,8,22,lineageII,lineageII
MH887785,490,True,55790.904899999994,0.10204081632653061,7.546194648742676,-0.08306122448979596,76780,77905,20,18,20,21,20,32,20,36,24,56,20,31,15,18,18,35,35,21,8,22,lineageII,lineageII
MH887783,490,True,55714.84879999999,0.1,7.545171546936037,-0.08408163265306126,76780,77905,21,18,20,21,19,32,20,37,25,57,20,31,15,18,17,35,35,19,8,22,lineageII,lineageII
MH887781,490,True,55706.851500000004,0.1,7.546194648742676,-0.06469387755102045,76780,77905,22,18,20,21,19,32,20,38,24,57,19,31,15,18,18,34,34,20,8,22,lineageII,lineageII
MH887780,490,True,55780.86869999999,0.10204081632653061,7.547331428527833,-0.06795918367346943,76780,77905,21,18,19,22,20,32,20,39,23,56,18,31,15,18,19,35,34,20,8,22,lineageII,lineageII
MH887779,490,True,55682.76209999999,0.10204081632653061,7.545171546936037,-0.06673469387755106,76780,77905,21,18,20,21,20,32,20,37,25,56,18,31,15,18,17,35,34,22,8,22,lineageII,lineageII
MH887778,490,True,55724.8021,0.10204081632653061,7.546194648742676,-0.06734693877551023,76780,77905,21,18,20,21,20,32,20,38,24,56,18,31,15,18,18,35,34,21,8,22,lineageII,lineageII
MH887777,490,True,55725.853,0.10204081632653061,7.545171546936037,-0.07163265306122452,76780,77905,22,18,20,21,20,32,20,37,25,56,19,32,15,18,17,33,34,21,8,22,lineageII,lineageII
MH887776,490,True,55757.87819999999,0.10204081632653061,7.546194648742676,-0.07836734693877553,76780,77905,22,18,20,21,20,32,20,36,24,56,20,32,15,18,18,34,33,21,8,22,lineageII,lineageII
MH887775,490,True,55736.855899999995,0.10204081632653061,7.546194648742676,-0.062244897959183705,76780,77905,22,18,20,21,20,32,20,39,24,57,18,31,15,18,18,34,34,19,8,22,lineageII,lineageII
MH887774,490,True,55738.8287,0.10204081632653061,7.546308326721192,-0.06734693877551023,76780,77905,21,18,19,22,20,32,20,38,24,56,18,31,15,18,18,35,34,21,8,22,lineageII,lineageII
MH887773,490,True,55752.855299999996,0.10204081632653061,7.546308326721192,-0.06673469387755106,76780,77905,21,18,19,22,20,32,20,39,24,56,18,31,15,18,18,35,34,20,8,22,lineageII,lineageII
MH887772,490,True,55681.817200000005,0.10204081632653061,7.544205284118653,-0.06285714285714289,76780,77905,22,18,21,21,20,32,20,38,26,57,18,29,15,18,17,36,32,20,8,22,lineageII,lineageII
MH887805,490,True,55800.9461,0.10204081632653061,7.547217750549317,-0.07265306122448983,76780,77905,22,18,20,21,20,32,20,38,23,56,20,31,15,18,19,34,34,19,8,22,lineageII,lineageII
MH887806,490,True,55696.8318,0.10204081632653061,7.819322013854982,-0.06693877551020411,76780,77905,21,18,20,21,20,32,20,38,26,56,18,31,15,17,17,35,34,21,8,22,lineageII,lineageII
MH887807,490,True,55768.8149,0.10204081632653061,7.547217750549317,-0.0738775510204082,76780,77905,20,18,20,21,20,32,20,38,23,56,18,31,15,18,19,36,34,21,8,22,lineageII,lineageII
MH887808,490,True,55766.8818,0.10204081632653061,7.546194648742676,-0.061836734693877585,76780,77905,20,18,20,21,20,32,20,39,24,56,18,31,15,18,18,35,34,21,8,22,lineageII,lineageII
MH887843,490,True,55702.8397,0.1,7.546194648742676,-0.06020408163265309,76780,77905,22,18,20,21,19,32,20,39,24,58,18,31,15,18,18,34,34,19,8,22,lineageII,lineageII
MH887842,490,True,55694.7761,0.10204081632653061,7.546194648742676,-0.062244897959183705,76780,77905,22,18,20,21,20,32,20,38,24,56,18,31,15,18,18,35,33,21,8,22,lineageII,lineageII
MH887841,490,True,55657.7758,0.10204081632653061,7.545171546936037,-0.06510204081632656,76780,77905,21,18,20,21,20,33,20,37,25,56,19,30,15,18,17,35,34,21,8,22,lineageII,lineageII
MH887840,490,True,55673.77189999999,0.10204081632653061,7.257225227355957,-0.06306122448979595,76780,77905,21,18,20,21,20,32,20,38,25,56,19,31,15,18,16,35,35,20,8,22,lineageII,lineageII
MH887839,490,True,55710.841700000004,0.10204081632653061,7.546194648742676,-0.06163265306122453,76780,77905,23,18,20,21,20,32,20,38,24,56,19,31,15,18,18,34,33,20,8,22,lineageII,lineageII
MH887838,490,True,55774.9452,0.10204081632653061,7.545171546936037,-0.07122448979591839,76780,77905,20,18,20,21,20,32,20,37,25,56,20,31,15,18,17,35,34,21,8,22,lineageII,lineageII
MH887837,490,True,55719.811799999996,0.10204081632653061,7.258873558044434,-0.052653061224489824,76780,77905,24,18,19,22,20,32,20,38,22,56,19,33,15,18,19,34,30,21,8,22,lineageII,lineageII
MH887836,490,True,55727.8919,0.10204081632653061,7.546194648742676,-0.06428571428571432,75290,76415,21,18,20,21,21,32,20,36,25,56,20,31,15,19,17,36,31,22,8,21,lineageII,lineageII
MH887834,490,True,55681.8005,0.10204081632653061,7.545171546936037,-0.07428571428571432,76780,77905,23,18,20,21,20,33,20,40,25,56,19,32,15,18,17,34,32,17,8,22,lineageII,lineageII
MH887833,490,True,55742.880300000004,0.10204081632653061,7.545171546936037,-0.07020408163265308,76780,77905,21,18,20,21,20,32,20,39,25,56,19,31,15,18,17,35,34,19,8,22,lineageII,lineageII
MH887832,490,True,55709.8305,0.10204081632653061,7.819322013854982,-0.07326530612244901,76780,77905,21,18,20,21,20,32,20,37,26,56,18,31,15,18,17,35,33,22,8,22,lineageII,lineageII
MH887831,490,True,55753.8266,0.10204081632653061,7.547217750549317,-0.07551020408163268,76780,77905,22,18,20,21,20,32,20,35,23,56,19,31,15,19,19,34,33,23,8,22,lineageII,lineageII
MH887830,490,True,55755.879,0.10204081632653061,7.545171546936037,-0.07632653061224492,76780,77905,21,18,20,21,20,32,20,38,25,56,19,32,15,18,17,34,34,20,8,22,lineageII,lineageII
MH887829,490,True,55738.8287,0.10204081632653061,7.546308326721192,-0.06734693877551023,76780,77905,21,18,19,22,20,32,20,38,24,56,18,31,15,18,18,35,34,21,8,22,lineageII,lineageII
MH887771,490,True,55770.827600000004,0.10204081632653061,7.546194648742676,-0.08040816326530614,76780,77905,20,18,20,21,20,32,20,40,24,55,18,31,15,18,18,35,36,19,8,22,lineageII,lineageII
MH887828,490,True,55728.91989999999,0.10204081632653061,7.545171546936037,-0.06346938775510207,76780,77905,23,18,20,21,20,32,20,41,25,56,20,32,15,17,17,35,32,16,8,22,lineageII,lineageII
MH887826,490,True,55666.76269999999,0.10204081632653061,7.545171546936037,-0.06102040816326534,76780,77905,22,18,20,21,20,32,20,38,25,56,18,31,15,18,17,35,33,21,8,22,lineageII,lineageII
MH887825,490,True,55744.83809999999,0.10204081632653061,7.55386791229248,-0.06795918367346943,76780,77905,22,18,20,21,20,32,21,38,24,57,18,32,15,17,18,34,33,20,8,22,lineageII,lineageII
MH887824,490,True,55748.909499999994,0.10204081632653061,7.546194648742676,-0.04612244897959187,76780,77905,21,18,20,21,20,32,20,40,24,56,18,31,15,18,18,35,32,21,8,22,lineageII,lineageII
MH887822,490,True,55698.827699999994,0.10204081632653061,7.545285224914552,-0.06632653061224493,76780,77905,22,18,19,22,20,32,20,37,25,56,19,31,15,18,17,35,33,21,8,22,lineageII,lineageII
MH887821,490,True,55725.922300000006,0.10204081632653061,8.037096214294433,-0.06571428571428575,75290,76415,21,18,18,21,21,32,20,35,25,57,20,33,15,19,17,36,31,22,8,21,lineageII,lineageII
MH887820,490,True,55667.813599999994,0.10204081632653061,7.2576799392700195,-0.042448979591836765,76780,77905,23,18,20,21,20,32,20,41,24,56,19,31,15,18,17,36,31,18,8,22,lineageII,lineageII
MH887819,490,True,55662.7923,0.10204081632653061,7.527324104309083,-0.054489795918367376,76780,77905,21,19,20,21,20,32,19,38,25,56,18,31,15,18,17,35,34,21,8,22,lineageII,lineageII
MH887818,490,True,55740.8677,0.10204081632653061,7.546194648742676,-0.06673469387755106,76780,77905,22,18,20,21,20,32,20,38,24,56,19,31,15,18,18,34,34,20,8,22,lineageII,lineageII
MH887817,490,True,55752.855299999996,0.10204081632653061,7.546308326721192,-0.06673469387755106,76780,77905,21,18,19,22,20,32,20,39,24,56,18,31,15,18,18,35,34,20,8,22,lineageII,lineageII
MH887816,490,True,55625.7108,0.10204081632653061,7.5450010299682635,-0.05979591836734697,76780,77905,21,18,21,20,20,33,20,38,25,56,18,30,15,18,17,35,34,21,8,22,lineageII,lineageII
MH887815,490,True,55763.922600000005,0.10204081632653061,7.819322013854982,-0.08102040816326535,76780,77905,21,18,20,21,20,32,20,37,26,56,20,31,14,18,17,36,33,20,8,22,lineageII,lineageII
MH887813,490,True,55805.960999999996,0.10408163265306122,7.817387962341309,-0.061836734693877585,78270,79395,22,18,21,21,20,32,19,39,24,56,18,29,15,17,20,35,33,20,8,23,lineageII,lineageII
MH887811,490,True,55774.90549999999,0.10204081632653061,7.546194648742676,-0.07734693877551023,76780,77905,21,18,20,21,20,32,20,37,24,56,20,31,15,18,18,35,34,20,8,22,lineageII,lineageII
MH887810,490,True,55699.81569999999,0.10204081632653061,7.820804786682129,-0.07142857142857145,76780,77905,21,18,20,20,20,32,20,37,25,56,19,32,15,18,17,35,34,21,8,22,lineageII,lineageII
MH887827,490,True,55666.76269999999,0.10204081632653061,7.545171546936037,-0.06102040816326534,76780,77905,22,18,20,21,20,32,20,38,25,56,18,31,15,18,17,35,33,21,8,22,lineageII,lineageII
MH887770,490,True,55756.9332,0.10204081632653061,7.546194648742676,-0.06163265306122453,76780,77905,22,18,20,21,20,32,20,38,24,56,20,31,15,18,18,35,32,20,8,22,lineageII,lineageII
MH887769,490,True,55719.7657,0.10204081632653061,7.822480964660645,-0.07122448979591839,76780,77905,21,18,20,21,20,32,20,37,24,56,17,31,15,18,19,36,32,23,8,22,lineageII,lineageII
MH887768,490,True,55708.8425,0.10204081632653061,7.545171546936037,-0.06102040816326534,76780,77905,22,18,20,21,20,32,20,39,25,57,18,31,15,18,17,34,34,19,8,22,lineageII,lineageII
MH053561,490,True,55609.7114,0.10204081632653061,7.545171546936037,-0.05469387755102044,76780,77905,22,18,20,21,20,33,20,38,25,56,18,30,15,18,17,35,33,21,8,22,lineageII,lineageII
MH053560,490,True,55750.88249999999,0.10204081632653061,7.819322013854982,-0.08183673469387759,76780,77905,22,18,20,21,20,32,20,40,26,56,18,32,15,18,17,34,33,18,8,22,lineageII,lineageII
MH053559,490,True,55675.77279999999,0.10204081632653061,7.55284481048584,-0.06040816326530615,76780,77905,22,18,20,21,20,32,21,38,25,56,18,31,15,17,17,35,33,21,8,22,lineageII,lineageII
MH053557,490,True,55710.7755,0.10204081632653061,7.546194648742676,-0.06795918367346941,76780,77905,21,18,20,21,20,32,20,37,24,56,18,31,15,18,18,35,34,22,8,22,lineageII,lineageII
MH053555,490,True,55696.788700000005,0.10204081632653061,7.545171546936037,-0.06612244897959187,76780,77905,21,18,20,21,20,32,20,38,25,56,18,31,15,18,17,35,34,21,8,22,lineageII,lineageII
MH053554,490,True,55758.9458,0.10204081632653061,7.545171546936037,-0.06551020408163269,76780,77905,21,18,20,21,20,32,20,38,25,56,20,31,15,18,17,35,33,20,8,22,lineageII,lineageII
MH053553,490,True,55679.822700000004,0.10204081632653061,7.257452583312988,-0.07163265306122452,76780,77905,21,18,19,22,20,33,20,37,25,55,21,31,15,18,16,35,34,20,8,22,lineageII,lineageII
MH053552,490,True,55689.864,0.1,7.545171546936037,-0.06285714285714289,76780,77905,23,18,20,21,19,32,20,40,25,57,19,32,15,18,17,34,32,18,8,22,lineageII,lineageII
MH053551,490,True,55761.865399999995,0.10204081632653061,7.55386791229248,-0.06612244897959187,76780,77905,21,18,20,21,20,32,21,39,24,56,18,30,15,18,18,35,34,20,8,22,lineageII,lineageII
MH053545,490,True,55714.83379999999,0.1,7.554947853088379,-0.07061224489795921,75290,76415,22,18,20,21,20,32,21,38,24,56,19,31,15,18,18,34,34,20,8,21,lineageII,lineageII
MH053544,490,True,55700.7574,0.10204081632653061,7.2576799392700195,-0.07061224489795921,76780,77905,21,18,20,21,20,32,20,37,24,56,19,32,15,18,17,35,34,21,8,22,lineageII,lineageII
MH053538,490,True,55638.7095,0.10204081632653061,7.545171546936037,-0.06571428571428575,76780,77905,21,18,20,21,20,33,20,38,25,56,18,31,15,18,17,36,32,21,8,22,lineageII,lineageII
MH053537,490,True,55738.8287,0.10204081632653061,7.546194648742676,-0.06673469387755106,76780,77905,21,18,20,21,20,32,20,39,24,56,18,31,15,18,18,35,34,20,8,22,lineageII,lineageII
MH053536,490,True,55829.922600000005,0.10408163265306122,7.547217750549317,-0.07510204081632657,76780,77905,22,18,20,21,21,32,20,39,23,55,19,32,15,18,19,34,33,19,8,22,lineageII,lineageII
MH053562,490,True,55818.92139999999,0.10204081632653061,7.820482444763185,-0.0895918367346939,76780,77905,21,18,20,20,20,32,19,37,23,55,20,33,15,20,19,34,33,21,8,22,lineageII,lineageII
MH053533,490,True,55682.76209999999,0.10204081632653061,7.545171546936037,-0.06632653061224493,76780,77905,21,18,20,21,20,32,20,38,25,56,18,31,15,18,17,36,33,21,8,22,lineageII,lineageII
MH053528,490,True,55725.83,0.10204081632653061,7.546308326721192,-0.061224489795918394,76780,77905,21,18,19,22,20,32,20,39,24,56,18,30,15,18,18,36,34,20,8,22,lineageII,lineageII
MH053527,490,True,55665.80099999999,0.10204081632653061,7.545171546936037,-0.0648979591836735,76780,77905,23,18,20,21,20,33,20,39,25,56,19,32,15,18,17,34,31,19,8,22,lineageII,lineageII
MH053526,490,True,55712.788100000005,0.10204081632653061,7.545171546936037,-0.07142857142857145,76780,77905,20,18,20,21,20,32,20,38,25,56,18,31,15,18,17,36,34,21,8,22,lineageII,lineageII
MH053522,490,True,55681.77739999999,0.10204081632653061,7.546194648742676,-0.0575510204081633,76780,77905,22,18,20,21,20,32,20,38,24,57,18,30,15,18,18,36,33,20,8,22,lineageII,lineageII
MH053518,490,True,55752.855299999996,0.10204081632653061,7.546308326721192,-0.06673469387755106,76780,77905,21,18,19,22,20,32,20,39,24,56,18,31,15,18,18,35,34,20,8,22,lineageII,lineageII
MH053514,490,True,55722.7895,0.10204081632653061,7.547217750549317,-0.06346938775510207,76780,77905,22,18,20,21,20,32,20,38,23,56,18,31,15,18,19,35,33,21,8,22,lineageII,lineageII
MH053513,490,True,55712.788199999995,0.10204081632653061,7.545285224914552,-0.07612244897959188,76780,77905,21,18,19,22,20,32,20,38,25,56,18,31,15,18,17,35,35,20,8,22,lineageII,lineageII
MH053511,490,True,55654.81479999999,0.10204081632653061,7.8176458358764656,-0.07367346938775514,76780,77905,21,18,19,21,20,33,20,37,27,56,19,33,15,18,15,33,34,21,8,22,lineageII,lineageII
MH053506,491,True,55865.028099999996,0.10183299389002037,7.820869255065919,-0.06069246435845217,76780,77905,22,18,20,21,20,31,20,38,25,56,18,31,15,18,18,35,33,22,8,22,lineageII,lineageII
MH053502,490,True,55721.8842,0.10204081632653061,7.819322013854982,-0.06408163265306126,76780,77905,21,18,20,21,20,32,20,37,26,57,18,31,15,18,17,35,32,22,8,22,lineageII,lineageII
MH053501,490,True,55623.69499999999,0.10204081632653061,7.543977928161622,-0.07918367346938779,76780,77905,23,18,21,20,20,33,20,40,26,57,18,32,15,18,16,34,33,16,8,22,lineageII,lineageII
MH053498,490,True,55712.755000000005,0.1,7.55597095489502,-0.07306122448979596,75290,76415,21,18,20,21,20,32,21,37,23,56,18,31,15,18,19,35,34,22,8,21,lineageII,lineageII
MH053497,490,True,55664.662500000006,0.1,7.258191490173341,-0.07469387755102044,76780,77905,21,18,20,21,19,32,20,38,23,57,18,32,15,18,18,36,34,20,8,22,lineageII,lineageII
MH053493,490,True,55714.827099999995,0.10204081632653061,7.545171546936037,-0.07142857142857145,76780,77905,21,18,20,21,20,32,20,37,25,56,19,31,15,18,17,35,34,21,8,22,lineageII,lineageII
MH053531,490,True,55712.788100000005,0.10204081632653061,7.5450010299682635,-0.07122448979591839,76780,77905,20,18,21,20,20,32,20,38,25,56,18,31,15,18,17,35,35,21,8,22,lineageII,lineageII
MH887844,490,True,55740.8677,0.10204081632653061,7.546194648742676,-0.06673469387755106,76780,77905,22,18,20,21,20,32,20,38,24,56,19,31,15,18,18,34,34,20,8,22,lineageII,lineageII
MH053564,490,True,55714.827099999995,0.10204081632653061,7.545171546936037,-0.07142857142857145,76780,77905,21,18,20,21,20,32,20,37,25,56,19,31,15,18,17,35,34,21,8,22,lineageII,lineageII
MH053572,490,True,55753.8664,0.10204081632653061,7.546194648742676,-0.07204081632653064,76780,77905,22,18,20,21,20,32,20,39,24,56,19,32,15,18,18,35,32,19,8,22,lineageII,lineageII
MH887767,490,True,55722.869099999996,0.10204081632653061,7.544205284118653,-0.06632653061224493,76780,77905,22,18,21,21,20,32,20,40,26,56,18,30,15,18,17,35,32,19,8,22,lineageII,lineageII
MH887766,490,True,55752.855299999996,0.10204081632653061,7.546308326721192,-0.06673469387755106,76780,77905,21,18,19,22,20,32,20,39,24,56,18,31,15,18,18,35,34,20,8,22,lineageII,lineageII
MH887765,490,True,55681.7209,0.10204081632653061,7.258816719055176,-0.06918367346938778,76780,77905,22,18,21,21,20,34,20,36,22,56,19,30,15,18,20,34,32,22,8,22,lineageII,lineageII
MH887764,490,True,55705.909499999994,0.10204081632653061,7.818935203552247,-0.07204081632653064,75290,76415,22,18,19,21,21,33,19,37,25,55,21,32,15,20,17,34,32,20,8,21,lineageII,lineageII
MH887763,490,True,55827.918699999995,0.10204081632653061,7.257793617248535,-0.08163265306122452,76780,77905,20,18,21,22,20,31,20,36,25,57,18,29,15,18,18,35,35,22,8,22,lineageII,lineageII
MH887762,490,True,55714.827099999995,0.10204081632653061,7.545171546936037,-0.07142857142857145,76780,77905,21,18,20,21,20,32,20,37,25,56,19,31,15,18,17,35,34,21,8,22,lineageII,lineageII
MH887761,490,True,55687.8018,0.10204081632653061,7.545171546936037,-0.06591836734693882,76780,77905,21,18,20,21,20,32,20,37,25,56,19,30,15,18,17,36,34,21,8,22,lineageII,lineageII
MH887759,490,True,55714.827099999995,0.10204081632653061,7.545171546936037,-0.07142857142857145,76780,77905,21,18,20,21,20,32,20,37,25,56,19,31,15,18,17,35,34,21,8,22,lineageII,lineageII
MH887758,490,True,55658.783800000005,0.10204081632653061,7.817323493957519,-0.06244897959183677,76780,77905,21,18,20,21,20,33,19,38,25,56,18,30,15,18,18,35,34,21,8,22,lineageII,lineageII
MH887757,490,True,55696.8152,0.10204081632653061,7.547217750549317,-0.063265306122449,75290,76415,23,18,20,21,21,32,20,38,24,56,19,31,15,18,18,34,34,19,8,21,lineageII,lineageII
MH887755,490,True,55714.827099999995,0.10204081632653061,7.545171546936037,-0.07142857142857145,76780,77905,21,18,20,21,20,32,20,37,25,56,19,31,15,18,17,35,34,21,8,22,lineageII,lineageII
MH157050,490,True,55696.788700000005,0.10204081632653061,7.545171546936037,-0.06612244897959187,76780,77905,21,18,20,21,20,32,20,38,25,56,18,31,15,18,17,35,34,21,8,22,lineageII,lineageII
MH157045,490,True,55708.8027,0.10204081632653061,7.546194648742676,-0.06163265306122453,76780,77905,22,18,20,21,20,32,20,39,24,56,18,31,15,18,18,35,33,20,8,22,lineageII,lineageII
MH157041,490,True,55714.787299999996,0.10204081632653061,7.546194648742676,-0.0738775510204082,76780,77905,21,18,20,21,20,32,20,35,24,56,19,31,15,18,18,35,34,23,8,22,lineageII,lineageII
MH053567,490,True,55711.8695,0.10204081632653061,7.819257545471192,-0.07081632653061228,76780,77905,22,18,21,20,20,32,20,39,26,55,19,31,15,18,17,35,32,20,8,22,lineageII,lineageII
MH157038,490,True,55740.8677,0.10204081632653061,7.546194648742676,-0.06673469387755106,76780,77905,22,18,20,21,20,32,20,38,24,56,19,31,15,18,18,34,34,20,8,22,lineageII,lineageII
MH157035,490,True,55752.855299999996,0.10204081632653061,7.546308326721192,-0.06673469387755106,76780,77905,21,18,19,22,20,32,20,39,24,56,18,31,15,18,18,35,34,20,8,22,lineageII,lineageII
MH157034,490,True,55782.8416,0.10204081632653061,7.546251487731935,-0.08510204081632657,76780,77905,21,18,21,21,20,32,20,38,24,56,18,30,15,18,19,35,34,20,8,22,lineageII,lineageII
MH157032,490,True,55708.842399999994,0.10204081632653061,7.545171546936037,-0.05551020408163268,76780,77905,21,18,20,21,20,32,20,39,25,56,18,31,15,18,17,35,33,21,8,22,lineageII,lineageII
MH157028,490,True,55738.8287,0.10204081632653061,7.546194648742676,-0.06673469387755106,76780,77905,21,18,20,21,20,32,20,39,24,56,18,31,15,18,18,35,34,20,8,22,lineageII,lineageII
MH053588,490,True,55696.788700000005,0.10204081632653061,7.545171546936037,-0.06612244897959187,76780,77905,21,18,20,21,20,32,20,38,25,56,18,31,15,18,17,35,34,21,8,22,lineageII,lineageII
MH053586,490,True,55770.8937,0.10204081632653061,7.546194648742676,-0.07183673469387758,76780,77905,21,18,20,21,20,32,20,38,24,56,19,31,15,18,18,34,35,20,8,22,lineageII,lineageII
MH053582,490,True,55672.74399999999,0.10204081632653061,7.257225227355957,-0.06795918367346941,76780,77905,21,18,20,21,20,32,20,38,25,55,19,32,15,18,16,35,34,21,8,22,lineageII,lineageII
MH053580,490,True,55712.85429999999,0.10204081632653061,7.546194648742676,-0.06244897959183677,75290,76415,21,18,20,21,21,32,20,38,25,56,19,31,15,18,17,35,34,20,8,21,lineageII,lineageII
MH053578,490,True,55800.9794,0.10204081632653061,7.537384605407715,-0.06204081632653065,76780,77905,20,18,20,22,20,32,19,41,25,56,18,30,15,18,18,35,34,19,8,22,lineageII,lineageII
MH053577,490,True,55740.827900000004,0.10204081632653061,7.547217750549317,-0.06938775510204084,76780,77905,22,18,20,21,20,32,20,36,23,56,19,30,15,19,19,35,33,22,8,22,lineageII,lineageII
MH053576,490,True,55638.7095,0.10204081632653061,7.545171546936037,-0.06571428571428575,76780,77905,21,18,20,21,20,33,20,38,25,56,18,31,15,18,17,36,32,21,8,22,lineageII,lineageII
MH053575,490,True,55696.81509999999,0.10204081632653061,7.546194648742676,-0.06612244897959187,76780,77905,22,18,20,21,20,33,20,38,24,56,19,31,15,18,18,34,33,20,8,22,lineageII,lineageII
MH053574,490,True,55702.770000000004,0.10204081632653061,7.257225227355957,-0.07306122448979595,76780,77905,20,18,20,21,20,32,20,38,25,55,19,32,15,18,16,35,35,21,8,22,lineageII,lineageII
MH053573,490,True,55711.760299999994,0.10204081632653061,7.545171546936037,-0.0822448979591837,76780,77905,21,18,20,21,20,32,20,37,25,56,18,32,15,18,17,34,35,21,8,22,lineageII,lineageII
OR493501,490,True,55709.7908,0.10204081632653061,7.822480964660645,-0.07204081632653064,76780,77905,22,18,19,21,20,32,20,38,24,56,18,32,15,18,18,34,35,20,8,22,lineageII,lineageII
MH053491,490,True,55756.8671,0.10204081632653061,7.546194648742676,-0.07204081632653064,76780,77905,21,18,20,21,20,32,20,38,24,56,19,31,15,18,18,35,34,20,8,22,lineageII,lineageII
MH887845,490,True,55756.845499999996,0.10408163265306122,7.546194648742676,-0.06346938775510207,76780,77905,22,18,20,21,21,32,20,39,24,55,18,31,15,18,18,34,34,20,8,22,lineageII,lineageII
MH887847,490,True,55701.8284,0.10204081632653061,7.545171546936037,-0.0638775510204082,76780,77905,21,18,20,21,20,32,20,39,25,55,19,30,15,18,17,36,34,20,8,22,lineageII,lineageII
MK117860,490,True,55768.8149,0.10204081632653061,7.547217750549317,-0.0738775510204082,76780,77905,20,18,20,21,20,32,20,38,23,56,18,31,15,18,19,36,34,21,8,22,lineageII,lineageII
MK117859,490,True,55724.8021,0.10204081632653061,7.546194648742676,-0.06734693877551023,76780,77905,21,18,20,21,20,32,20,38,24,56,18,31,15,18,18,35,34,21,8,22,lineageII,lineageII
MK117858,490,True,55780.86869999999,0.10204081632653061,7.547331428527833,-0.06795918367346943,76780,77905,21,18,19,22,20,32,20,39,23,56,18,31,15,18,19,35,34,20,8,22,lineageII,lineageII
MK117857,490,True,55727.825800000006,0.10204081632653061,7.545171546936037,-0.0775510204081633,76780,77905,21,18,20,21,20,32,20,36,25,56,19,32,15,18,17,34,34,22,8,22,lineageII,lineageII
MK117855,490,True,55711.80009999999,0.10204081632653061,7.2573957443237305,-0.06551020408163269,76780,77905,21,18,21,21,20,32,20,39,25,56,18,30,15,18,17,35,34,20,8,22,lineageII,lineageII
MK117854,490,True,55752.855299999996,0.10204081632653061,7.546308326721192,-0.06673469387755106,76780,77905,21,18,19,22,20,32,20,39,24,56,18,31,15,18,18,35,34,20,8,22,lineageII,lineageII
MK117853,490,True,55719.811799999996,0.10204081632653061,7.258873558044434,-0.052653061224489824,76780,77905,24,18,19,22,20,32,20,38,22,56,19,33,15,18,19,34,30,21,8,22,lineageII,lineageII
MK117851,490,True,55754.8679,0.10204081632653061,7.545171546936037,-0.07000000000000003,76780,77905,20,18,20,21,20,32,20,40,25,56,18,31,15,18,17,35,35,19,8,22,lineageII,lineageII
MK117847,490,True,55756.8671,0.10204081632653061,7.546194648742676,-0.07204081632653064,76780,77905,21,18,20,21,20,32,20,38,24,56,19,31,15,18,18,35,34,20,8,22,lineageII,lineageII
MK117846,490,True,55668.735499999995,0.10204081632653061,7.545171546936037,-0.06693877551020411,76780,77905,21,18,20,21,20,32,20,37,25,56,18,31,15,18,17,36,33,22,8,22,lineageII,lineageII
MK107970,490,True,55737.946599999996,0.10204081632653061,7.543182182312012,-0.07530612244897962,76780,77905,22,18,21,21,20,33,20,40,27,57,19,31,15,18,16,33,32,17,8,22,lineageII,lineageII
MK107969,490,True,55805.919599999994,0.10204081632653061,7.537214088439942,-0.10673469387755105,76780,77905,22,18,21,21,20,33,19,41,25,55,20,32,15,19,18,34,32,15,8,22,lineageII,lineageII
MK107967,491,True,55725.8679,0.10183299389002037,7.526926231384279,-0.08839103869653771,76780,77905,22,18,19,22,20,34,18,40,27,55,20,34,15,19,15,34,32,17,8,22,lineageII,lineageII
MK107966,491,True,55743.9063,0.10183299389002037,7.526926231384279,-0.09368635437881877,76780,77905,22,18,19,22,20,34,18,39,27,55,21,34,15,19,15,34,32,17,8,22,lineageII,lineageII
MK107964,490,True,55710.7755,0.10204081632653061,7.546194648742676,-0.07183673469387758,76780,77905,20,18,20,21,20,33,20,38,24,56,18,31,15,18,18,35,34,21,8,22,lineageII,lineageII
MK107963,490,True,55636.736699999994,0.10204081632653061,7.545171546936037,-0.05591836734693881,76780,77905,23,18,20,21,20,32,20,38,25,56,18,31,15,18,17,35,32,21,8,22,lineageII,lineageII
MK107962,491,True,55755.89720000001,0.10183299389002037,7.810554313659669,-0.09389002036659881,76780,77905,22,18,20,21,20,33,18,37,27,56,20,33,15,19,16,35,32,19,8,22,lineageII,lineageII
MK107961,490,True,55637.7877,0.10204081632653061,7.544091606140138,-0.06734693877551023,76780,77905,24,18,20,21,20,33,20,41,26,56,19,32,15,18,16,34,31,16,8,22,lineageII,lineageII
MK107960,490,True,55792.927200000006,0.1,7.8224164962768565,-0.09408163265306126,76780,77905,21,18,20,20,19,32,20,35,24,58,20,34,15,19,18,33,33,21,8,22,lineageII,lineageII
MK107959,490,True,55789.9632,0.10204081632653061,7.817323493957519,-0.09102040816326534,76780,77905,22,18,20,21,20,33,19,41,25,55,20,32,15,19,18,34,32,16,8,22,lineageII,lineageII
MK107958,490,True,55789.9632,0.10204081632653061,7.817323493957519,-0.09102040816326534,76780,77905,22,18,20,21,20,33,19,41,25,55,20,32,15,19,18,34,32,16,8,22,lineageII,lineageII
MK107957,490,True,55759.9442,0.10204081632653061,7.25637264251709,-0.08306122448979596,76780,77905,21,18,21,22,20,32,20,41,28,56,19,29,15,18,15,35,34,16,8,22,lineageII,lineageII
MK107956,490,True,55639.7374,0.10204081632653061,7.545171546936037,-0.05979591836734697,76780,77905,21,18,20,21,20,33,20,38,25,56,18,30,15,18,17,35,34,21,8,22,lineageII,lineageII
MK107955,490,True,55750.8211,0.10204081632653061,7.818935203552247,-0.08428571428571431,76780,77905,20,18,20,21,20,33,19,36,24,56,19,32,14,18,19,35,34,22,8,22,lineageII,lineageII
MK107952,490,True,55667.758799999996,0.1,7.539999198913575,-0.06938775510204084,76780,77905,23,18,20,20,19,33,19,38,22,56,20,34,15,19,19,33,32,20,8,22,lineageII,lineageII
MK107951,490,True,55811.9886,0.10204081632653061,7.836599540710449,-0.07979591836734697,76780,77780,21,17,20,21,20,32,20,38,25,56,20,31,15,18,18,35,33,20,8,22,lineageII,lineageII
MK107950,490,True,55772.88649999999,0.10204081632653061,7.815776252746582,-0.09142857142857146,76780,77905,21,18,21,21,20,32,19,37,26,56,18,30,15,19,18,34,34,21,8,22,lineageII,lineageII
MK107948,490,True,55843.985700000005,0.10408163265306122,7.545171546936037,-0.07244897959183676,82280,83405,21,18,20,21,20,31,20,37,25,56,19,31,15,18,17,35,34,21,9,22,lineageII,lineageII
MK107946,490,True,55744.959,0.10204081632653061,7.544091606140138,-0.06367346938775513,76780,77905,21,18,20,21,20,32,20,39,26,56,20,31,15,18,16,35,33,19,8,22,lineageII,lineageII
MK117861,490,True,55708.842399999994,0.10204081632653061,7.545171546936037,-0.05551020408163268,76780,77905,21,18,20,21,20,32,20,39,25,56,18,31,15,18,17,35,33,21,8,22,lineageII,lineageII
MK117862,490,True,55719.7657,0.10204081632653061,7.822480964660645,-0.07122448979591839,76780,77905,21,18,20,21,20,32,20,37,24,56,17,31,15,18,19,36,32,23,8,22,lineageII,lineageII
MK117863,490,True,55732.8872,0.1,7.815389442443848,-0.07367346938775514,76780,77905,21,18,20,21,19,32,18,37,24,57,19,31,15,19,19,34,35,21,8,22,lineageII,lineageII
MK117864,490,True,55739.8566,0.10204081632653061,7.545228385925294,-0.06816326530612248,76780,77905,21,18,21,21,20,32,20,38,25,56,18,29,15,18,18,35,34,21,8,22,lineageII,lineageII
OR147793,490,True,55823.97959999999,0.10204081632653061,8.035097694396974,-0.07714285714285717,76780,77905,21,18,20,21,20,31,20,37,25,56,18,30,15,18,19,35,34,22,8,22,lineageII,lineageII
OR147792,490,True,55668.841499999995,0.10204081632653061,7.544091606140138,-0.05816326530612248,76780,77905,23,18,20,21,20,32,20,40,26,56,19,31,15,18,16,35,32,18,8,22,lineageII,lineageII
OR147791,490,True,55682.76209999999,0.10204081632653061,7.545171546936037,-0.06673469387755106,76780,77905,21,18,20,21,20,32,20,37,25,56,18,31,15,18,17,35,34,22,8,22,lineageII,lineageII
OM140827,490,True,55644.755399999995,0.10204081632653061,7.810489845275879,-0.09040816326530617,76780,77905,22,18,21,20,20,33,18,38,27,56,20,33,14,19,16,36,31,18,8,22,lineageII,lineageII
OL774859,490,True,55679.8045,0.10204081632653061,7.819322013854982,-0.0685714285714286,76780,77905,22,18,20,21,20,32,20,36,26,56,18,31,15,18,17,34,33,23,8,22,lineageII,lineageII
MT193283,490,True,55720.8085,0.10204081632653061,7.257225227355957,-0.08204081632653065,76780,77905,21,18,20,21,20,32,20,39,25,55,20,32,15,18,16,35,35,18,8,22,lineageII,lineageII
MK291250,490,True,55682.76209999999,0.10204081632653061,7.545171546936037,-0.07163265306122452,76780,77905,20,18,20,21,20,33,20,38,25,57,18,31,15,18,17,36,33,20,8,22,lineageII,lineageII
MK291249,490,True,55728.85369999999,0.10204081632653061,7.545171546936037,-0.07081632653061228,76780,77905,21,18,20,21,20,32,20,38,25,56,19,31,15,18,17,35,34,20,8,22,lineageII,lineageII
MK118030,490,True,55583.670900000005,0.10224948875255624,7.2573957443237305,-0.059100204498977536,76780,77905,21,18,21,21,20,32,20,38,25,56,18,29,15,18,17,35,34,21,8,22,lineageII,lineageII
MK118028,490,True,55569.6443,0.10204081632653061,7.544091606140138,-0.05979591836734697,76780,77905,23,18,20,21,20,32,20,37,26,56,18,30,15,18,16,36,33,21,8,22,lineageII,lineageII
MK118027,490,True,55631.7833,0.10020449897750512,7.815389442443848,-0.07239263803680984,76780,77905,21,18,20,21,19,32,18,37,24,57,19,31,15,19,19,34,34,21,8,22,lineageII,lineageII
MK118025,490,True,55556.5925,0.10020449897750512,7.824157142639161,-0.06871165644171782,75290,76415,21,18,20,21,20,32,20,37,24,56,17,31,15,18,19,36,32,23,8,21,lineageII,lineageII
MK118022,490,True,55551.653900000005,0.10020449897750512,7.546194648742676,-0.06891615541922294,75290,76415,21,18,20,21,20,32,20,37,25,56,19,31,15,18,17,35,34,21,8,21,lineageII,lineageII
MK118021,490,True,55619.6684,0.10020449897750512,7.547274589538575,-0.08261758691206547,75290,76415,21,18,21,21,20,32,20,38,24,56,18,30,15,18,19,35,34,20,8,21,lineageII,lineageII
MK107944,490,True,55701.8284,0.10204081632653061,7.545171546936037,-0.06530612244897963,76780,77905,21,18,20,21,20,32,20,38,25,56,19,30,15,18,17,36,34,20,8,22,lineageII,lineageII
MK118009,490,True,55575.6555,0.10020449897750512,7.547331428527833,-0.06482617586912068,75290,76415,21,18,19,22,20,32,20,38,24,56,18,31,15,18,18,35,34,21,8,21,lineageII,lineageII
MK117997,490,True,55564.6526,0.10020449897750512,7.546194648742676,-0.07505112474437631,75290,76415,21,18,20,21,20,32,20,36,25,56,19,32,15,18,17,34,34,22,8,21,lineageII,lineageII
MK117993,490,True,55447.5063,0.10020449897750512,7.258191490173341,-0.06462167689161558,75290,76415,23,18,20,21,20,34,20,40,24,56,19,32,15,18,17,34,32,17,8,21,lineageII,lineageII
MK117992,490,True,55596.671,0.10224948875255624,7.229260444641113,-0.07361963190184052,76780,77905,22,18,21,20,20,32,18,39,24,55,20,34,15,19,17,34,32,19,8,22,lineageII,lineageII
MK117990,490,True,55540.6295,0.10224948875255624,7.258191490173341,-0.05419222903885484,75290,76415,23,18,20,21,21,32,20,38,24,56,19,31,15,18,17,34,34,19,8,21,lineageII,lineageII
MK117987,490,True,55577.694500000005,0.10020449897750512,7.547217750549317,-0.06421267893660534,75290,76415,22,18,20,21,20,32,20,38,24,56,19,31,15,18,18,34,34,20,8,21,lineageII,lineageII
MK117985,490,True,55564.6559,0.10020449897750512,7.824092674255373,-0.07464212678936608,75290,76415,20,18,19,21,20,33,20,37,24,56,19,32,15,18,18,35,34,21,8,21,lineageII,lineageII
MK117976,490,True,55682.76209999999,0.10204081632653061,7.545171546936037,-0.06673469387755106,76780,77905,21,18,20,21,20,32,20,37,25,56,18,31,15,18,17,35,34,22,8,22,lineageII,lineageII
MK117975,490,True,55804.075899999996,0.10204081632653061,8.32217540740967,-0.09204081632653065,76780,77905,22,18,19,20,20,32,19,41,27,56,20,34,15,18,17,34,33,15,8,22,lineageII,lineageII
MK117973,490,True,55560.6408,0.10020449897750512,7.546194648742676,-0.06912065439672804,75290,76415,21,18,20,21,20,32,20,38,25,56,18,32,15,18,17,34,34,21,8,21,lineageII,lineageII
MK117967,490,True,55548.6269,0.10020449897750512,7.257850456237794,-0.06298568507157468,75290,76415,21,18,21,21,20,32,20,39,25,56,18,30,15,18,17,35,34,20,8,21,lineageII,lineageII
MK117962,490,True,55589.6821,0.10020449897750512,7.547331428527833,-0.06421267893660534,75290,76415,21,18,19,22,20,32,20,39,24,56,18,31,15,18,18,35,34,20,8,21,lineageII,lineageII
MK117961,490,True,55719.811799999996,0.10204081632653061,7.258873558044434,-0.052653061224489824,76780,77905,24,18,19,22,20,32,20,38,22,56,19,33,15,18,19,34,30,21,8,22,lineageII,lineageII
MK117949,490,True,55751.870500000005,0.10204081632653061,7.822545433044435,-0.06673469387755106,76780,77905,21,18,18,22,20,32,20,39,24,56,18,32,15,18,18,35,34,20,8,22,lineageII,lineageII
MK117865,490,True,55714.827099999995,0.10204081632653061,7.545171546936037,-0.07142857142857145,76780,77905,21,18,20,21,20,32,20,37,25,56,19,31,15,18,17,35,34,21,8,22,lineageII,lineageII
MK118007,490,True,55696.8318,0.10204081632653061,7.819322013854982,-0.06693877551020411,76780,77905,21,18,20,21,20,32,20,38,26,56,18,31,15,17,17,35,34,21,8,22,lineageII,lineageII
MK107943,490,True,55758.9458,0.10204081632653061,7.545171546936037,-0.06551020408163269,76780,77905,21,18,20,21,20,32,20,38,25,56,20,31,15,18,17,35,33,20,8,22,lineageII,lineageII
MK107942,490,True,55818.92139999999,0.10204081632653061,7.820482444763185,-0.0895918367346939,76780,77905,21,18,20,20,20,32,19,37,23,55,20,33,15,20,19,34,33,21,8,22,lineageII,lineageII
MK107938,490,True,55738.8287,0.10204081632653061,7.546194648742676,-0.06673469387755106,76780,77905,21,18,20,21,20,32,20,39,24,56,18,31,15,18,18,35,34,20,8,22,lineageII,lineageII
MH887883,490,True,55639.7341,0.10204081632653061,7.256884193420411,-0.05979591836734697,76780,77905,22,18,21,21,20,32,20,38,26,56,18,30,15,18,16,35,33,21,8,22,lineageII,lineageII
MH887882,490,True,55738.8287,0.10204081632653061,7.546308326721192,-0.06734693877551023,76780,77905,21,18,19,22,20,32,20,38,24,56,18,31,15,18,18,35,34,21,8,22,lineageII,lineageII
MH887881,490,True,55754.8679,0.10204081632653061,7.545171546936037,-0.07000000000000003,76780,77905,20,18,20,21,20,32,20,40,25,56,18,31,15,18,17,35,35,19,8,22,lineageII,lineageII
MH887880,490,True,55707.812900000004,0.10204081632653061,7.535963630676271,-0.09448979591836738,76780,77905,21,18,21,20,20,33,19,38,26,55,20,33,15,19,16,33,34,19,8,22,lineageII,lineageII
MH887879,490,True,55711.80009999999,0.10204081632653061,7.2573957443237305,-0.06551020408163269,76780,77905,21,18,21,21,20,32,20,39,25,56,18,30,15,18,17,35,34,20,8,22,lineageII,lineageII
MH887878,490,True,55728.85369999999,0.10204081632653061,7.545171546936037,-0.07081632653061228,76780,77905,21,18,20,21,20,32,20,38,25,56,19,31,15,18,17,35,34,20,8,22,lineageII,lineageII
MH887877,490,True,55752.855299999996,0.10204081632653061,7.546308326721192,-0.06673469387755106,76780,77905,21,18,19,22,20,32,20,39,24,56,18,31,15,18,18,35,34,20,8,22,lineageII,lineageII
MH887876,490,True,55777.947499999995,0.10204081632653061,7.257850456237794,-0.0448979591836735,76780,77905,21,18,21,21,20,32,20,42,24,56,18,30,15,18,18,35,32,19,8,22,lineageII,lineageII
MH887875,490,True,55696.788700000005,0.10204081632653061,7.545171546936037,-0.06612244897959187,76780,77905,21,18,20,21,20,32,20,38,25,56,18,31,15,18,17,35,34,21,8,22,lineageII,lineageII
MH887874,490,True,55717.8046,0.10204081632653061,7.537157249450685,-0.07142857142857145,76780,77905,20,18,20,21,20,32,19,39,25,56,18,31,15,19,17,36,34,20,8,22,lineageII,lineageII
MH887873,490,True,55641.75319999999,0.10204081632653061,7.538180351257325,-0.053265306122449015,75290,76415,22,18,20,21,21,32,19,38,25,56,18,31,15,19,17,35,33,21,8,21,lineageII,lineageII
MH887872,490,True,55712.85429999999,0.10204081632653061,7.545171546936037,-0.06551020408163269,76780,77905,22,18,20,21,20,32,20,38,25,56,19,31,15,18,17,34,34,20,8,22,lineageII,lineageII
MH887871,490,True,55780.86869999999,0.10204081632653061,7.547331428527833,-0.06795918367346943,76780,77905,21,18,19,22,20,32,20,39,23,56,18,31,15,18,19,35,34,20,8,22,lineageII,lineageII
MH887870,490,True,55752.85859999999,0.10204081632653061,7.822480964660645,-0.07000000000000002,76780,77905,21,18,20,21,20,32,20,37,24,56,18,30,15,18,19,35,34,22,8,22,lineageII,lineageII
MH887884,490,True,55647.797399999996,0.10204081632653061,7.256713676452637,-0.05632653061224493,76780,77905,21,18,20,21,20,32,20,37,26,55,20,31,15,18,15,35,34,22,8,22,lineageII,lineageII
MH887869,490,True,55701.8284,0.10204081632653061,7.545171546936037,-0.0638775510204082,76780,77905,21,18,20,21,20,32,20,39,25,55,19,30,15,18,17,36,34,20,8,22,lineageII,lineageII
MH887867,490,True,55696.8152,0.10204081632653061,7.547217750549317,-0.063265306122449,75290,76415,23,18,20,21,21,32,20,38,24,56,19,31,15,18,18,34,34,19,8,21,lineageII,lineageII
MH887866,490,True,55740.8677,0.10204081632653061,7.546194648742676,-0.06673469387755106,76780,77905,22,18,20,21,20,32,20,38,24,56,19,31,15,18,18,34,34,20,8,22,lineageII,lineageII
MH887865,490,True,55764.86259999999,0.10408163265306122,7.537157249450685,-0.06285714285714289,78270,79395,21,18,20,21,20,32,19,39,24,56,18,31,15,18,18,35,34,20,8,23,lineageII,lineageII
MH887864,490,True,55780.86869999999,0.10204081632653061,7.547331428527833,-0.06795918367346943,76780,77905,21,18,19,22,20,32,20,39,23,56,18,31,15,18,19,35,34,20,8,22,lineageII,lineageII
MH887863,490,True,55672.7473,0.10204081632653061,7.545171546936037,-0.07244897959183676,76780,77905,21,18,20,21,20,32,20,36,25,56,19,31,15,18,17,37,32,22,8,22,lineageII,lineageII
MH887861,490,True,55569.6443,0.10204081632653061,7.544091606140138,-0.05979591836734697,76780,77905,23,18,20,21,20,32,20,37,26,56,18,30,15,18,16,36,33,21,8,22,lineageII,lineageII
MH887860,490,True,55719.811799999996,0.10204081632653061,7.258873558044434,-0.052653061224489824,76780,77905,24,18,19,22,20,32,20,38,22,56,19,33,15,18,19,34,30,21,8,22,lineageII,lineageII
MH887858,490,True,55712.81449999999,0.10204081632653061,7.546194648742676,-0.0675510204081633,76780,77905,22,18,20,21,20,32,20,37,24,56,19,31,15,18,18,35,33,21,8,22,lineageII,lineageII
MH887857,490,True,55724.845100000006,0.10204081632653061,7.546194648742676,-0.050612244897959215,76780,77905,22,18,20,21,20,32,20,39,24,57,18,31,14,18,18,35,33,20,8,22,lineageII,lineageII
MH887855,490,True,55740.8677,0.10204081632653061,7.546194648742676,-0.06673469387755106,76780,77905,22,18,20,21,20,32,20,38,24,56,19,31,15,18,18,34,34,20,8,22,lineageII,lineageII
MH887854,490,True,55737.847299999994,0.10204081632653061,7.822480964660645,-0.06693877551020411,76780,77905,22,18,22,20,20,32,20,37,24,56,18,29,15,17,20,35,33,22,8,22,lineageII,lineageII
MH887851,490,True,55732.8872,0.1,7.815389442443848,-0.07367346938775514,76780,77905,21,18,20,21,19,32,18,37,24,57,19,31,15,19,19,34,35,21,8,22,lineageII,lineageII
MH887849,490,True,55740.8677,0.10204081632653061,7.546194648742676,-0.06673469387755106,76780,77905,22,18,20,21,20,32,20,38,24,56,19,31,15,18,18,34,34,20,8,22,lineageII,lineageII
MH887848,490,True,55689.758,0.10204081632653061,7.817001152038574,-0.07775510204081636,75290,76415,21,18,20,21,21,33,18,37,24,56,18,32,15,19,19,34,34,21,8,21,lineageII,lineageII
MH887868,490,True,55724.8021,0.10204081632653061,7.546194648742676,-0.06734693877551023,76780,77905,21,18,20,21,20,32,20,38,24,56,18,31,15,18,18,35,34,21,8,22,lineageII,lineageII
MH887846,490,True,55723.8174,0.10204081632653061,7.546137809753419,-0.06428571428571432,76780,77905,22,18,22,20,20,32,20,38,24,56,18,29,15,18,19,35,33,21,8,22,lineageII,lineageII
MH887885,490,True,55758.9458,0.10204081632653061,7.545171546936037,-0.06551020408163269,76780,77905,21,18,20,21,20,32,20,38,25,56,20,31,15,18,17,35,33,20,8,22,lineageII,lineageII
MH887887,490,True,55682.76209999999,0.10204081632653061,7.545171546936037,-0.06673469387755106,76780,77905,21,18,20,21,20,32,20,37,25,56,18,31,15,18,17,35,34,22,8,22,lineageII,lineageII
MK107937,490,True,55727.782699999996,0.10204081632653061,7.2576799392700195,-0.07612244897959188,76780,77905,21,18,20,21,20,32,20,37,24,56,19,33,15,18,17,34,34,21,8,22,lineageII,lineageII
MK107936,490,True,55696.788700000005,0.10204081632653061,7.545171546936037,-0.06612244897959187,76780,77905,21,18,20,21,20,32,20,38,25,56,18,31,15,18,17,35,34,21,8,22,lineageII,lineageII
MK107928,491,True,55836.91039999999,0.10183299389002037,7.5298250198364265,-0.0928716904276986,76780,77905,22,18,22,20,20,33,18,38,24,57,19,32,15,19,19,34,33,18,8,22,lineageII,lineageII
MK107926,490,True,55810.0557,0.10204081632653061,7.817710304260254,-0.07673469387755105,76780,77905,22,18,21,21,20,32,20,41,27,56,19,30,15,18,17,34,32,17,8,22,lineageII,lineageII
MK107925,490,True,55825.932499999995,0.10204081632653061,7.546137809753419,-0.0848979591836735,78270,79395,23,18,20,21,19,32,20,41,23,56,19,32,15,18,19,33,34,16,8,23,lineageII,lineageII
MK107924,490,True,55655.826,0.10204081632653061,7.544091606140138,-0.06510204081632656,76780,77905,24,18,20,21,20,32,20,37,26,56,20,32,15,18,16,34,31,20,8,22,lineageII,lineageII
MK107923,490,True,55761.88189999999,0.10204081632653061,7.810489845275879,-0.11734693877551024,76780,77905,21,18,21,20,20,32,18,38,27,55,21,34,15,19,16,35,33,17,8,22,lineageII,lineageII
MK107922,491,True,55743.9494,0.10183299389002037,7.808942604064942,-0.09022403258655808,76780,77905,23,18,20,21,20,33,18,39,28,55,21,33,15,19,15,35,31,17,8,22,lineageII,lineageII
MK107916,490,True,55675.77279999999,0.10204081632653061,7.55284481048584,-0.06040816326530615,76780,77905,22,18,20,21,20,32,21,38,25,56,18,31,15,17,17,35,33,21,8,22,lineageII,lineageII
MK107915,490,True,55770.8937,0.10204081632653061,7.546194648742676,-0.07183673469387758,76780,77905,21,18,20,21,20,32,20,38,24,56,19,31,15,18,18,34,35,20,8,22,lineageII,lineageII
MK107913,490,True,55696.788700000005,0.10204081632653061,7.545171546936037,-0.06612244897959187,76780,77905,21,18,20,21,20,32,20,38,25,56,18,31,15,18,17,35,34,21,8,22,lineageII,lineageII
MK107909,490,True,55723.794200000004,0.10204081632653061,7.8189996719360355,-0.07836734693877553,75290,76415,21,18,20,21,21,32,19,37,25,57,17,32,15,19,18,34,34,21,8,21,lineageII,lineageII
MK107908,490,True,55728.85369999999,0.10204081632653061,7.545171546936037,-0.07081632653061228,76780,77905,21,18,20,21,20,32,20,38,25,56,19,31,15,18,17,35,34,20,8,22,lineageII,lineageII
MK107907,490,True,55714.827099999995,0.10204081632653061,7.545171546936037,-0.07142857142857145,76780,77905,21,18,20,21,20,32,20,37,25,56,19,31,15,18,17,35,34,21,8,22,lineageII,lineageII
MH887886,490,True,55747.842000000004,0.10204081632653061,7.548240852355957,-0.06000000000000003,75290,76415,22,18,20,21,21,32,20,39,23,56,18,32,15,18,19,34,33,20,8,21,lineageII,lineageII
MK107906,490,True,55637.827399999995,0.10204081632653061,7.543125343322754,-0.061224489795918394,76780,77905,23,18,20,21,20,33,20,41,27,56,19,32,15,18,15,34,31,17,8,22,lineageII,lineageII
MK107904,490,True,55637.827399999995,0.10204081632653061,7.543125343322754,-0.061224489795918394,76780,77905,23,18,20,21,20,33,20,41,27,56,19,32,15,18,15,34,31,17,8,22,lineageII,lineageII
MK107903,490,True,55637.827399999995,0.10204081632653061,7.543125343322754,-0.061224489795918394,76780,77905,23,18,20,21,20,33,20,41,27,56,19,32,15,18,15,34,31,17,8,22,lineageII,lineageII
MK107902,490,True,55637.827399999995,0.10204081632653061,7.543125343322754,-0.061224489795918394,76780,77905,23,18,20,21,20,33,20,41,27,56,19,32,15,18,15,34,31,17,8,22,lineageII,lineageII
MK107901,490,True,55625.7188,0.1,7.538976097106934,-0.06877551020408167,76780,77905,23,18,20,20,19,33,19,37,23,56,20,34,15,19,18,33,32,21,8,22,lineageII,lineageII
MK107898,490,True,55812.937000000005,0.10204081632653061,7.824092674255373,-0.07591836734693881,76780,77905,21,18,20,21,20,32,20,37,23,56,19,30,15,18,20,35,34,21,8,22,lineageII,lineageII
MK107897,490,True,55738.87179999999,0.10204081632653061,7.820869255065919,-0.0675510204081633,76780,77905,21,18,20,21,20,32,20,39,25,56,18,31,15,17,18,35,34,20,8,22,lineageII,lineageII
MH887897,490,True,55813.8787,0.10204081632653061,7.258816719055176,-0.07448979591836738,76780,77905,21,18,21,21,20,32,20,38,22,56,19,30,15,18,20,35,34,20,8,22,lineageII,lineageII
MH887896,490,True,55699.7329,0.10204081632653061,7.258418846130372,-0.062244897959183705,76780,77905,22,18,21,20,20,32,20,37,22,56,19,31,15,18,19,35,34,21,8,22,lineageII,lineageII
MH887895,490,True,55780.86869999999,0.10204081632653061,7.547331428527833,-0.06795918367346943,76780,77905,21,18,19,22,20,32,20,39,23,56,18,31,15,18,19,35,34,20,8,22,lineageII,lineageII
MH887894,490,True,55718.7776,0.10408163265306122,7.546308326721192,-0.0775510204081633,76780,77905,22,18,19,22,21,33,20,38,24,54,19,31,15,18,18,35,33,20,8,22,lineageII,lineageII
MH887893,490,True,55814.0013,0.10204081632653061,7.819322013854982,-0.08163265306122452,76780,77905,20,18,20,21,20,32,20,39,26,56,19,31,15,18,17,34,35,19,8,22,lineageII,lineageII
MH887891,490,True,55623.658500000005,0.10224948875255624,7.547217750549317,-0.07075664621676894,76780,77905,22,18,20,21,20,32,20,39,23,55,18,31,15,18,19,35,33,20,8,22,lineageII,lineageII
MH887889,490,True,55719.7657,0.10204081632653061,7.822480964660645,-0.07122448979591839,76780,77905,21,18,20,21,20,32,20,37,24,56,17,31,15,18,19,36,32,23,8,22,lineageII,lineageII
MH887888,490,True,55765.8971,0.10204081632653061,7.822480964660645,-0.06551020408163269,76780,77905,21,18,19,21,20,32,20,41,24,56,18,32,15,18,18,35,34,18,8,22,lineageII,lineageII
MK107905,490,True,55637.827399999995,0.10204081632653061,7.543125343322754,-0.061224489795918394,76780,77905,23,18,20,21,20,33,20,41,27,56,19,32,15,18,15,34,31,17,8,22,lineageII,lineageII
MH053488,490,True,55638.7095,0.10204081632653061,7.545171546936037,-0.06571428571428575,76780,77905,21,18,20,21,20,33,20,38,25,56,18,31,15,18,17,36,32,21,8,22,lineageII,lineageII
MH157037,490,True,55750.7598,0.10204081632653061,7.547217750549317,-0.08571428571428574,76780,77905,22,18,20,21,20,32,20,36,23,56,18,33,15,18,19,33,34,22,8,22,lineageII,lineageII
MH053485,490,True,55723.814,0.10204081632653061,7.545171546936037,-0.07163265306122452,76780,77905,21,18,20,21,20,32,20,38,25,56,18,32,15,18,17,34,34,21,8,22,lineageII,lineageII
KM822039,490,True,55742.7975,0.10204081632653061,7.257850456237794,-0.08693877551020411,76780,77905,21,18,21,21,20,33,20,38,24,56,19,31,15,18,18,34,34,19,8,22,lineageII,lineageII
KM822037,490,True,55710.8153,0.10204081632653061,7.545171546936037,-0.06551020408163269,76780,77905,21,18,20,21,20,32,20,39,25,56,18,31,15,18,17,35,34,20,8,22,lineageII,lineageII
KM822035,490,True,55720.856400000004,0.10204081632653061,7.546194648742676,-0.051020408163265335,76780,77905,22,18,20,21,20,32,20,40,24,56,18,31,15,18,18,35,32,20,8,22,lineageII,lineageII
KM822033,490,True,55643.749200000006,0.10204081632653061,7.545171546936037,-0.06142857142857146,76780,77905,22,18,20,21,20,32,20,36,25,56,19,30,15,18,17,36,33,22,8,22,lineageII,lineageII
KM822031,490,True,55643.749200000006,0.10204081632653061,7.5450010299682635,-0.06081632653061227,76780,77905,22,18,21,20,20,32,20,37,25,56,19,30,15,18,17,36,33,21,8,22,lineageII,lineageII
KM822029,490,True,55731.811400000006,0.10204081632653061,7.2573957443237305,-0.08081632653061227,76780,77905,21,18,21,21,20,32,20,38,25,56,19,30,15,18,17,35,35,19,8,22,lineageII,lineageII
KM822027,490,True,55840.90059999999,0.10204081632653061,7.021343421936035,-0.06816326530612248,76780,77905,21,18,21,21,20,31,20,39,22,56,19,32,15,18,19,35,33,20,8,22,lineageII,lineageII
KM822025,490,True,55667.7475,0.10204081632653061,7.257623100280762,-0.06265306122448983,76780,77905,22,18,20,22,20,32,20,37,25,57,18,30,15,18,17,36,32,21,8,22,lineageII,lineageII
KM822023,490,True,55756.8671,0.10204081632653061,7.546194648742676,-0.07265306122448983,76780,77905,21,18,20,21,20,32,20,37,24,56,19,30,15,19,18,35,34,21,8,22,lineageII,lineageII
KM822041,490,True,55636.736699999994,0.10204081632653061,7.545171546936037,-0.05591836734693881,76780,77905,23,18,20,21,20,32,20,38,25,56,18,31,15,18,17,35,32,21,8,22,lineageII,lineageII
KM822022,490,True,55746.8921,0.10204081632653061,7.545171546936037,-0.07469387755102044,76780,77905,21,18,20,21,20,32,20,38,25,55,20,31,15,18,17,35,34,20,8,22,lineageII,lineageII
KM822018,490,True,55666.76269999999,0.10204081632653061,7.545171546936037,-0.06102040816326534,76780,77905,22,18,20,21,20,32,20,38,25,56,18,31,15,18,17,35,33,21,8,22,lineageII,lineageII
KM822016,490,True,55750.77649999999,0.10204081632653061,7.820869255065919,-0.09061224489795922,76780,77905,20,18,20,21,20,32,20,37,25,56,17,32,15,18,18,35,34,22,8,22,lineageII,lineageII
KM822014,490,True,55765.8573,0.10204081632653061,7.824092674255373,-0.06795918367346943,76780,77905,21,18,19,21,20,32,20,39,23,56,18,32,15,18,19,35,34,20,8,22,lineageII,lineageII
KM822012,490,True,55727.8426,0.10204081632653061,7.544205284118653,-0.07408163265306125,76780,77905,20,18,21,21,20,32,20,36,26,57,18,29,15,18,17,35,35,22,8,22,lineageII,lineageII
KM822010,490,True,55624.683000000005,0.10204081632653061,7.545171546936037,-0.07040816326530615,76780,77905,22,18,20,21,20,33,20,38,25,56,18,31,15,18,17,35,33,20,8,22,lineageII,lineageII
KM822008,490,True,55682.76209999999,0.10204081632653061,7.545171546936037,-0.06632653061224493,76780,77905,21,18,20,21,20,32,20,38,25,56,18,31,15,18,17,36,33,21,8,22,lineageII,lineageII
KM822006,490,True,55724.8021,0.10204081632653061,7.546194648742676,-0.06734693877551023,76780,77905,21,18,20,21,20,32,20,38,24,56,18,31,15,18,18,35,34,21,8,22,lineageII,lineageII
KM822004,490,True,55636.736699999994,0.10204081632653061,7.545171546936037,-0.05591836734693881,76780,77905,23,18,20,21,20,32,20,38,25,56,18,31,15,18,17,35,32,21,8,22,lineageII,lineageII
KM822002,490,True,55731.8576,0.10204081632653061,7.817387962341309,-0.08612244897959187,75290,76415,21,18,20,21,21,32,19,37,26,56,19,31,15,20,17,36,32,20,8,21,lineageII,lineageII
KM822020,490,True,55627.749800000005,0.10204081632653061,7.545171546936037,-0.055714285714285744,76780,77905,23,18,20,21,20,32,20,37,25,56,19,30,15,18,17,36,32,21,8,22,lineageII,lineageII
KM822000,490,True,55742.840500000006,0.10204081632653061,7.546194648742676,-0.06836734693877554,76780,77905,22,18,20,21,20,31,20,37,24,56,19,31,15,18,18,36,33,21,8,22,lineageII,lineageII
KM822043,490,True,55702.773400000005,0.10204081632653061,7.545171546936037,-0.08204081632653065,76780,77905,21,18,20,21,20,32,20,36,25,56,19,31,15,18,17,35,35,21,8,22,lineageII,lineageII
KM822047,490,True,55750.799499999994,0.10204081632653061,7.820869255065919,-0.09346938775510207,76780,77905,21,18,19,21,20,32,20,37,25,56,18,35,15,18,17,33,34,21,8,22,lineageII,lineageII
KM822082,490,True,55711.826400000005,0.10204081632653061,7.545171546936037,-0.07142857142857145,76780,77905,22,18,20,21,20,32,20,38,25,56,19,32,15,18,17,35,32,20,8,22,lineageII,lineageII
KM822080,490,True,55746.8921,0.10204081632653061,7.545171546936037,-0.07469387755102044,76780,77905,21,18,20,21,20,32,20,38,25,55,20,31,15,18,17,35,34,20,8,22,lineageII,lineageII
KM822078,490,True,55709.8686,0.10204081632653061,7.243640708923341,-0.06102040816326534,76780,77905,21,18,21,21,20,32,19,37,25,56,20,30,15,18,17,35,34,21,8,22,lineageII,lineageII
KM822076,490,True,55696.788700000005,0.10204081632653061,7.545171546936037,-0.06612244897959187,76780,77905,21,18,20,21,20,32,20,38,25,56,18,31,15,18,17,35,34,21,8,22,lineageII,lineageII
KM822074,490,True,55700.8005,0.10204081632653061,7.545171546936037,-0.07591836734693881,76780,77905,20,18,20,21,20,33,20,37,25,56,19,31,15,18,17,35,34,21,8,22,lineageII,lineageII
KM822072,490,True,55759.890799999994,0.10204081632653061,7.545171546936037,-0.08224489795918372,76780,77905,21,18,20,21,20,32,20,36,25,56,20,32,15,18,17,34,34,21,8,22,lineageII,lineageII
KM822071,490,True,55756.8671,0.10204081632653061,7.546194648742676,-0.07265306122448983,76780,77905,21,18,20,21,20,32,20,37,24,56,19,30,15,19,18,35,34,21,8,22,lineageII,lineageII
KM822069,490,True,55768.81969999999,0.10408163265306122,7.822480964660645,-0.08306122448979596,76780,77905,23,18,20,21,21,32,20,37,24,55,18,32,15,18,19,34,32,21,8,22,lineageII,lineageII
KM822067,490,True,55710.8153,0.10204081632653061,7.545171546936037,-0.06551020408163269,76780,77905,21,18,20,21,20,32,20,39,25,56,18,31,15,18,17,35,34,20,8,22,lineageII,lineageII
KM822045,490,True,55708.8027,0.10204081632653061,7.546194648742676,-0.06163265306122453,76780,77905,22,18,20,21,20,32,20,39,24,56,18,31,15,18,18,35,33,20,8,22,lineageII,lineageII
KM822066,490,True,55701.8514,0.10204081632653061,7.2576799392700195,-0.05285714285714289,76780,77905,22,18,20,21,20,32,20,38,24,55,20,31,15,18,17,34,34,21,8,22,lineageII,lineageII
KM822063,490,True,55742.7975,0.10204081632653061,7.257850456237794,-0.08693877551020411,76780,77905,21,18,21,21,20,33,20,38,24,56,19,31,15,18,18,34,34,19,8,22,lineageII,lineageII
KM822062,490,True,55696.788700000005,0.10204081632653061,7.545171546936037,-0.06612244897959187,76780,77905,21,18,20,21,20,32,20,38,25,56,18,31,15,18,17,35,34,21,8,22,lineageII,lineageII
KM822060,490,True,55746.8921,0.10204081632653061,7.545171546936037,-0.07469387755102044,76780,77905,21,18,20,21,20,32,20,38,25,55,20,31,15,18,17,35,34,20,8,22,lineageII,lineageII
KM822059,490,True,55730.8266,0.10204081632653061,7.545171546936037,-0.08081632653061227,76780,77905,21,18,20,21,20,32,20,38,25,56,19,31,15,18,17,35,35,19,8,22,lineageII,lineageII
KM822057,490,True,55694.8158,0.10204081632653061,7.545171546936037,-0.056122448979591864,76780,77905,21,18,20,21,20,32,20,38,25,56,18,31,15,18,17,35,33,22,8,22,lineageII,lineageII
KM822055,490,True,55671.7626,0.10204081632653061,7.546194648742676,-0.06265306122448983,76780,77905,22,18,20,21,20,32,20,36,24,56,19,30,15,18,18,36,33,22,8,22,lineageII,lineageII
KM822053,490,True,55827.9881,0.10204081632653061,7.820869255065919,-0.07918367346938779,76780,77905,21,18,20,21,20,31,20,38,25,56,19,31,15,18,18,35,34,20,8,22,lineageII,lineageII
KM822051,490,True,55666.76269999999,0.10204081632653061,7.545171546936037,-0.06102040816326534,76780,77905,22,18,20,21,20,32,20,38,25,56,18,31,15,18,17,35,33,21,8,22,lineageII,lineageII
KM822049,490,True,55798.92049999999,0.10204081632653061,7.545171546936037,-0.07448979591836738,76780,77905,19,18,20,21,20,32,20,41,25,56,18,31,15,18,17,35,36,18,8,22,lineageII,lineageII
KM822065,490,True,55696.788700000005,0.10204081632653061,7.545171546936037,-0.06612244897959187,76780,77905,21,18,20,21,20,32,20,38,25,56,18,31,15,18,17,35,34,21,8,22,lineageII,lineageII
KM822084,490,True,55700.8006,0.10204081632653061,7.545171546936037,-0.07571428571428575,76780,77905,22,18,20,21,20,32,20,38,25,56,19,31,15,18,17,35,34,19,8,22,lineageII,lineageII
KM821998,490,True,55674.7169,0.10204081632653061,7.257225227355957,-0.07795918367346942,76780,77905,21,18,20,21,20,32,20,38,25,55,19,32,15,18,16,35,35,20,8,22,lineageII,lineageII
KM821994,490,True,55710.8153,0.10204081632653061,7.545171546936037,-0.06551020408163269,76780,77905,21,18,20,21,20,32,20,39,25,56,18,31,15,18,17,35,34,20,8,22,lineageII,lineageII
KM821943,490,True,55758.8829,0.10204081632653061,7.539203453063965,-0.07000000000000003,75290,76415,21,18,20,21,21,32,19,38,24,56,19,31,15,20,18,35,33,20,8,21,lineageII,lineageII
KM821941,490,True,55638.749299999996,0.10204081632653061,7.544091606140138,-0.05979591836734697,76780,77905,22,18,20,21,20,32,20,38,26,56,18,31,15,18,16,35,33,21,8,22,lineageII,lineageII
KM821939,490,True,55742.880300000004,0.10204081632653061,7.545171546936037,-0.07061224489795921,76780,77905,21,18,20,21,20,32,20,38,25,56,19,31,15,18,17,34,35,20,8,22,lineageII,lineageII
KM821937,490,True,55775.872,0.10408163265306122,7.547217750549317,-0.06836734693877554,76780,77905,21,18,20,21,21,33,20,39,23,55,19,30,15,18,19,35,34,19,8,22,lineageII,lineageII
KM821935,490,True,55710.8153,0.10204081632653061,7.545171546936037,-0.06551020408163269,76780,77905,21,18,20,21,20,32,20,39,25,56,18,31,15,18,17,35,34,20,8,22,lineageII,lineageII
KM821933,490,True,55673.775200000004,0.10204081632653061,7.545171546936037,-0.066530612244898,76780,77905,21,18,20,21,20,32,20,36,25,56,19,30,15,18,17,36,34,22,8,22,lineageII,lineageII
KM821931,490,True,55680.749500000005,0.10204081632653061,7.546194648742676,-0.06102040816326534,76780,77905,22,18,20,21,20,32,20,39,24,55,18,31,15,18,18,36,32,21,8,22,lineageII,lineageII
KM821929,490,True,55744.8532,0.10204081632653061,8.029811286926268,-0.08673469387755105,76780,77905,21,18,20,21,20,32,18,38,26,56,17,31,15,20,18,34,34,21,8,22,lineageII,lineageII
KM821927,490,True,55652.736099999995,0.10204081632653061,7.545171546936037,-0.061224489795918394,76780,77905,22,18,20,21,20,32,20,38,25,56,18,31,15,18,17,36,32,21,8,22,lineageII,lineageII
KM821945,490,True,55724.8021,0.10204081632653061,7.546194648742676,-0.06734693877551023,76780,77905,21,18,20,21,20,32,20,38,24,56,18,31,15,18,18,35,34,21,8,22,lineageII,lineageII
KM821925,490,True,55738.87179999999,0.10204081632653061,7.820869255065919,-0.06816326530612248,76780,77905,21,18,20,21,20,32,20,38,25,56,18,30,15,18,18,35,34,21,8,22,lineageII,lineageII
KM821922,490,True,55751.827399999995,0.10204081632653061,7.820869255065919,-0.08714285714285717,76780,77905,21,18,19,21,20,32,20,38,25,56,18,34,15,18,17,33,35,20,8,22,lineageII,lineageII
KM821920,490,True,55730.8266,0.10204081632653061,7.545171546936037,-0.08081632653061227,76780,77905,21,18,20,21,20,32,20,38,25,56,19,31,15,18,17,35,35,19,8,22,lineageII,lineageII
MH053487,490,True,55758.9458,0.10204081632653061,7.545171546936037,-0.06551020408163269,76780,77905,21,18,20,21,20,32,20,38,25,56,20,31,15,18,17,35,33,20,8,22,lineageII,lineageII
KM821916,490,True,55652.736099999995,0.10204081632653061,7.545171546936037,-0.061224489795918394,76780,77905,22,18,20,21,20,32,20,38,25,56,18,31,15,18,17,36,32,21,8,22,lineageII,lineageII
KM821914,490,True,55700.8005,0.10204081632653061,7.545171546936037,-0.07204081632653063,76780,77905,21,18,20,21,20,32,20,36,25,56,19,31,15,18,17,35,34,22,8,22,lineageII,lineageII
KM821912,490,True,55700.8006,0.10204081632653061,7.545171546936037,-0.07571428571428575,76780,77905,22,18,20,21,20,32,20,38,25,56,19,31,15,18,17,35,34,19,8,22,lineageII,lineageII
GU481078,490,True,55712.81449999999,0.10204081632653061,7.546194648742676,-0.0675510204081633,76780,77905,22,18,20,21,20,32,20,37,24,56,19,31,15,18,18,35,33,21,8,22,lineageII,lineageII
GU481076,490,True,55707.861000000004,0.10204081632653061,8.035097694396974,-0.06306122448979595,76780,77905,22,18,19,21,20,32,20,38,25,56,18,31,15,18,18,35,33,21,8,22,lineageII,lineageII
GU481074,490,True,55696.788700000005,0.10204081632653061,7.545171546936037,-0.06612244897959187,76780,77905,21,18,20,21,20,32,20,38,25,56,18,31,15,18,17,35,34,21,8,22,lineageII,lineageII
KM821924,490,True,55671.71949999999,0.10204081632653061,7.257907295227051,-0.06102040816326534,76780,77905,22,18,21,20,20,32,20,37,23,56,19,31,15,18,18,35,34,21,8,22,lineageII,lineageII
KM821996,490,True,55838.9938,0.10204081632653061,7.5450010299682635,-0.08775510204081635,76780,77905,21,18,21,20,20,32,20,38,25,56,20,35,15,18,17,32,32,20,8,22,lineageII,lineageII
KM821947,490,True,55754.8282,0.10204081632653061,7.546194648742676,-0.07612244897959188,76780,77905,21,18,20,21,20,32,20,40,24,56,18,31,15,18,18,35,35,18,8,22,lineageII,lineageII
KM821951,490,True,55664.7898,0.10204081632653061,7.545171546936037,-0.051020408163265335,76780,77905,22,18,20,21,20,32,20,38,25,56,18,31,15,18,17,35,32,22,8,22,lineageII,lineageII
KM821992,490,True,55653.803799999994,0.10204081632653061,7.543182182312012,-0.06163265306122453,76780,77905,22,18,21,21,20,32,20,38,27,57,18,29,15,18,16,36,32,20,8,22,lineageII,lineageII
KM821990,490,True,55567.634999999995,0.10204081632653061,7.822480964660645,-0.05959183673469391,76780,77905,22,18,19,21,20,34,20,38,24,56,18,31,15,17,18,35,34,20,8,22,lineageII,lineageII
KM821988,490,True,55768.815,0.10204081632653061,7.547217750549317,-0.07795918367346942,76780,77905,21,18,20,21,20,32,20,39,23,56,18,31,15,18,19,35,35,19,8,22,lineageII,lineageII
KM821986,490,True,55655.802899999995,0.10204081632653061,7.819257545471192,-0.06510204081632656,76780,77905,22,18,19,21,20,32,20,37,26,56,19,32,15,18,16,35,33,21,8,22,lineageII,lineageII
KM821984,490,True,55718.8207,0.10408163265306122,7.820869255065919,-0.07836734693877553,76780,77905,22,18,20,21,21,33,20,38,25,54,19,30,15,18,18,35,33,20,8,22,lineageII,lineageII
KM821982,490,True,55700.8005,0.10204081632653061,7.545171546936037,-0.07551020408163268,76780,77905,20,18,20,21,20,33,20,38,25,56,19,31,15,18,17,36,33,20,8,22,lineageII,lineageII
KM821979,490,True,55746.9136,0.10204081632653061,7.270184516906738,-0.06816326530612248,76780,77905,23,18,20,22,20,32,21,41,26,56,19,32,15,17,16,34,31,17,8,22,lineageII,lineageII
KM821976,490,True,55789.9632,0.10204081632653061,7.817323493957519,-0.09102040816326534,76780,77905,22,18,20,21,20,33,19,41,25,55,20,32,15,19,18,34,32,16,8,22,lineageII,lineageII
KM821974,490,True,55789.9632,0.10204081632653061,7.817323493957519,-0.09102040816326534,76780,77905,22,18,20,21,20,33,19,41,25,55,20,32,15,19,18,34,32,16,8,22,lineageII,lineageII
KM821949,490,True,55646.7035,0.10204081632653061,7.020718193054199,-0.06244897959183677,76780,77905,21,18,21,21,20,32,20,38,25,55,19,30,15,18,16,36,34,21,8,22,lineageII,lineageII
KM821972,490,True,55746.8921,0.10204081632653061,7.545171546936037,-0.07469387755102044,76780,77905,21,18,20,21,20,32,20,38,25,55,20,31,15,18,17,35,34,20,8,22,lineageII,lineageII
KM821969,490,True,55684.8011,0.10204081632653061,7.545171546936037,-0.06632653061224493,76780,77905,22,18,20,21,20,32,20,37,25,56,19,31,15,18,17,35,33,21,8,22,lineageII,lineageII
KM821967,490,True,55710.7755,0.10204081632653061,7.546194648742676,-0.06795918367346941,76780,77905,21,18,20,21,20,32,20,37,24,56,18,31,15,18,18,35,34,22,8,22,lineageII,lineageII
KM821965,490,True,55668.775299999994,0.10204081632653061,7.544091606140138,-0.0648979591836735,76780,77905,21,18,20,21,20,32,20,38,26,56,18,31,15,18,16,35,34,21,8,22,lineageII,lineageII
KM821963,490,True,55658.7142,0.10204081632653061,6.837867164611817,-0.06346938775510207,76780,77905,22,18,20,23,20,32,20,37,25,55,19,30,15,18,16,35,33,22,8,22,lineageII,lineageII
KM821961,490,True,55715.854999999996,0.10204081632653061,7.545171546936037,-0.06938775510204084,76780,77905,20,18,20,21,20,33,20,38,25,56,19,30,15,18,17,34,36,20,8,22,lineageII,lineageII
KM821959,490,True,55690.7163,0.10204081632653061,7.257225227355957,-0.08326530612244902,76780,77905,20,18,20,21,20,32,20,38,25,55,19,32,15,18,16,36,35,20,8,22,lineageII,lineageII
KM821957,490,True,55680.7892,0.10204081632653061,7.545171546936037,-0.05632653061224493,76780,77905,21,18,20,21,20,32,20,38,25,56,18,31,15,18,17,36,32,22,8,22,lineageII,lineageII
KM821955,490,True,55769.9056,0.10204081632653061,7.546194648742676,-0.07306122448979596,75290,76415,20,18,20,21,21,32,20,38,25,56,19,32,15,18,17,34,35,20,8,21,lineageII,lineageII
KM821953,490,True,55682.76209999999,0.10204081632653061,7.545171546936037,-0.06673469387755106,76780,77905,21,18,20,21,20,32,20,37,25,56,18,31,15,18,17,35,34,22,8,22,lineageII,lineageII
KM821971,490,True,55738.87179999999,0.10204081632653061,7.820869255065919,-0.06816326530612248,76780,77905,21,18,20,21,20,32,20,38,25,56,18,30,15,18,18,35,34,21,8,22,lineageII,lineageII
KM822086,490,True,55747.8388,0.10204081632653061,7.55386791229248,-0.06612244897959187,76780,77905,21,18,20,21,20,32,21,39,24,56,18,31,15,17,18,35,34,20,8,22,lineageII,lineageII
KM821918,490,True,55680.749500000005,0.10204081632653061,7.546194648742676,-0.06244897959183677,76780,77905,22,18,20,21,20,32,20,38,24,56,18,31,15,18,18,36,32,21,8,22,lineageII,lineageII
KM822089,490,True,55708.845799999996,0.10204081632653061,7.820933723449707,-0.06306122448979595,76780,77905,22,18,19,22,20,32,20,38,25,56,18,31,15,17,18,35,33,21,8,22,lineageII,lineageII
LC387470,490,True,55791.8548,0.10204081632653061,7.548240852355957,-0.06959183673469391,76780,77905,22,18,20,21,20,32,20,39,22,56,18,32,15,18,20,34,33,20,8,22,lineageII,lineageII
LC387472,490,True,55637.827399999995,0.10204081632653061,7.543125343322754,-0.061224489795918394,76780,77905,23,18,20,21,20,33,20,41,27,56,19,32,15,18,15,34,31,17,8,22,lineageII,lineageII
LC387474,490,True,55654.92079999999,0.10204081632653061,7.543125343322754,-0.04877551020408167,76780,77905,23,18,20,21,20,33,20,42,27,55,20,31,15,18,15,34,31,17,8,22,lineageII,lineageII
LC387476,490,True,55637.827399999995,0.10204081632653061,7.543125343322754,-0.061224489795918394,76780,77905,23,18,20,21,20,33,20,41,27,56,19,32,15,18,15,34,31,17,8,22,lineageII,lineageII
LC387478,490,True,55637.827399999995,0.10204081632653061,7.543125343322754,-0.061224489795918394,76780,77905,23,18,20,21,20,33,20,41,27,56,19,32,15,18,15,34,31,17,8,22,lineageII,lineageII
LC387480,490,True,55665.797699999996,0.10204081632653061,7.257225227355957,-0.06163265306122453,76780,77905,23,18,20,21,20,33,20,41,25,56,19,32,15,19,16,34,31,17,8,22,lineageII,lineageII
LC387482,490,True,55653.7871,0.10204081632653061,7.544091606140138,-0.07306122448979596,76780,77905,23,18,20,21,20,33,20,40,26,56,19,32,15,18,16,34,32,17,8,22,lineageII,lineageII
LC387468,490,True,55681.797099999996,0.10204081632653061,7.257225227355957,-0.06244897959183677,76780,77905,23,18,20,21,20,32,20,41,25,56,19,33,15,18,16,35,31,17,8,22,lineageII,lineageII
LC387484,490,True,55711.869600000005,0.10204081632653061,7.819322013854982,-0.07448979591836738,76780,77905,23,18,20,21,20,32,20,41,26,55,19,32,15,17,17,35,32,17,8,22,lineageII,lineageII
LC387488,490,True,55731.8544,0.10204081632653061,7.24392490386963,-0.07489795918367351,76780,77905,23,18,20,22,20,32,19,41,25,56,19,32,15,18,17,34,33,16,8,22,lineageII,lineageII
LC388592,490,True,55723.8802,0.10204081632653061,7.545171546936037,-0.0648979591836735,76780,77905,23,18,20,21,20,32,20,40,25,56,19,32,15,18,17,34,32,18,8,22,lineageII,lineageII
MG812641,490,True,55733.8698,0.10408163265306122,7.526642036437989,-0.09224489795918371,76780,77905,22,18,21,20,21,32,18,38,27,54,21,34,15,20,15,35,30,19,8,22,lineageII,lineageII
MG812681,490,True,55737.933000000005,0.10204081632653061,7.822480964660645,-0.06244897959183677,75290,76415,22,18,19,21,21,32,20,38,25,55,20,34,15,18,17,34,31,21,8,21,lineageII,lineageII
KM822088,490,True,55748.8698,0.10204081632653061,7.547217750549317,-0.0522448979591837,76780,77905,22,18,20,21,20,32,20,40,23,56,18,31,15,18,19,35,32,20,8,22,lineageII,lineageII
MH053483,490,True,55755.9203,0.10408163265306122,7.5518217086792,-0.06102040816326534,76780,77905,21,18,20,21,21,32,21,38,26,55,19,30,15,18,16,35,33,21,8,22,lineageII,lineageII
MH053484,490,True,55753.8664,0.10204081632653061,7.546194648742676,-0.0728571428571429,76780,77905,22,18,20,21,20,32,20,37,24,56,19,32,15,18,18,33,34,21,8,22,lineageII,lineageII
LC387486,490,True,55720.922600000005,0.10204081632653061,7.819322013854982,-0.06673469387755106,76780,77905,24,18,20,21,20,32,20,39,26,56,19,32,15,18,17,33,31,19,8,22,lineageII,lineageII
KU978811,490,True,55733.8698,0.10408163265306122,7.526642036437989,-0.09224489795918371,76780,77905,22,18,21,20,21,32,18,38,27,54,21,34,15,20,15,35,30,19,8,22,lineageII,lineageII
OR493502,490,True,55559.6494,0.10224948875255624,7.537157249450685,-0.05971370143149287,76780,77905,21,18,20,21,20,32,19,38,25,56,18,31,15,18,17,35,34,21,8,22,lineageII,lineageII
KM822109,490,True,55703.864,0.10204081632653061,7.257225227355957,-0.05775510204081636,76780,77905,21,18,20,21,20,32,20,38,25,56,20,31,15,18,16,35,34,20,8,22,lineageII,lineageII
KM822107,490,True,55636.736699999994,0.10204081632653061,7.545171546936037,-0.05591836734693881,76780,77905,23,18,20,21,20,32,20,38,25,56,18,31,15,18,17,35,32,21,8,22,lineageII,lineageII
KM822091,490,True,55685.7892,0.10204081632653061,7.546194648742676,-0.06204081632653065,76780,77905,22,18,20,21,20,32,20,37,24,56,19,30,15,18,18,36,33,21,8,22,lineageII,lineageII
KM822105,490,True,55716.8,0.10204081632653061,7.545171546936037,-0.08142857142857146,76780,77905,21,18,20,21,20,32,20,37,25,56,19,31,15,18,17,35,35,20,8,22,lineageII,lineageII
KM822097,490,True,55730.8266,0.10204081632653061,7.545171546936037,-0.08081632653061227,76780,77905,21,18,20,21,20,32,20,38,25,56,19,31,15,18,17,35,35,19,8,22,lineageII,lineageII
KM822103,490,True,55701.78539999999,0.10204081632653061,7.2573957443237305,-0.07571428571428575,76780,77905,22,18,21,21,20,32,20,38,25,56,19,30,15,18,17,35,34,19,8,22,lineageII,lineageII
KM822101,490,True,55654.7487,0.10204081632653061,7.544091606140138,-0.06551020408163269,76780,77905,21,18,20,21,20,32,20,37,26,56,18,31,15,18,16,35,34,22,8,22,lineageII,lineageII
KM822095,490,True,55655.7417,0.10204081632653061,7.283428001403809,-0.05653061224489799,75290,76415,21,18,21,21,21,33,22,37,25,56,18,29,15,17,17,35,33,22,8,21,lineageII,lineageII
KM822099,490,True,55825.932400000005,0.10204081632653061,7.820869255065919,-0.1002040816326531,76780,77905,21,18,20,21,20,32,20,37,25,56,19,33,15,18,18,33,34,20,8,22,lineageII,lineageII
KM822093,490,True,55652.736099999995,0.10204081632653061,7.545171546936037,-0.061224489795918394,76780,77905,22,18,20,21,20,32,20,38,25,56,18,31,15,18,17,36,32,21,8,22,lineageII,lineageII
MK107912,490,True,55780.82889999999,0.10408163265306122,8.199298667907716,-0.08836734693877553,76780,77905,22,18,18,21,21,32,19,40,24,53,18,31,14,21,19,37,33,19,8,22,lineageIII,lineageIII
MK107911,490,True,55841.94529999999,0.10408163265306122,8.190466499328615,-0.12285714285714289,76780,77905,19,18,19,21,21,33,19,40,28,55,18,31,14,21,16,35,36,16,8,22,lineageIII,lineageIII
MK107910,490,True,55842.8324,0.10204081632653061,7.5405675888061525,-0.10938775510204085,76780,77905,20,18,18,23,20,34,19,41,22,56,19,31,13,20,20,36,36,14,8,22,lineageIII,lineageIII
MH053480,490,True,55914.9595,0.10408163265306122,8.197042274475098,-0.11244897959183676,76780,77905,19,18,19,21,21,31,19,39,25,54,18,31,14,20,19,38,35,19,8,22,lineageIII,lineageIII
MK107900,490,True,55896.98729999999,0.10408163265306122,8.197042274475098,-0.11102040816326533,76780,77905,19,18,19,21,21,33,19,40,25,55,18,30,14,21,19,36,35,17,8,22,lineageIII,lineageIII
MK107899,490,True,55814.8769,0.10408163265306122,8.029553413391113,-0.1122448979591837,76780,77905,20,18,19,21,21,32,19,40,27,55,18,30,14,22,16,37,35,16,8,22,lineageIII,lineageIII
MK107945,490,True,55810.8517,0.10408163265306122,8.031487464904785,-0.12020408163265309,76780,77905,20,18,20,21,21,34,19,39,26,55,18,30,14,21,18,35,34,17,8,22,lineageIII,lineageIII
MH053475,490,True,55867.884900000005,0.10204081632653061,7.820675849914552,-0.12000000000000004,76780,77905,20,18,19,22,20,33,19,38,23,56,19,31,14,20,20,35,36,17,8,22,lineageIII,lineageIII
MH053472,490,True,55851.885500000004,0.10204081632653061,7.82074031829834,-0.1148979591836735,76780,77905,21,18,18,23,20,33,19,38,23,56,19,31,14,20,20,35,35,17,8,22,lineageIII,lineageIII
MH053470,490,True,55835.9041,0.10408163265306122,7.818935203552247,-0.08265306122448983,76780,77905,22,18,20,21,21,32,19,42,24,53,18,30,14,21,19,36,32,18,8,22,lineageIII,lineageIII
MH053468,490,True,55897.9721,0.10408163265306122,8.194850349426268,-0.12530612244897962,76780,77905,19,18,19,21,21,33,19,40,26,55,18,31,14,21,18,35,36,16,8,22,lineageIII,lineageIII
MH053463,490,True,56050.22349999999,0.10204081632653061,8.20374698638916,-0.113265306122449,76780,77905,19,18,18,23,20,34,19,39,22,56,20,32,13,19,23,34,33,18,8,22,lineageIII,lineageIII
MZ169791,490,True,55998.073000000004,0.10204081632653061,7.822352027893067,-0.10836734693877555,76780,77905,18,18,18,23,20,33,19,40,22,56,19,31,13,20,21,35,37,17,8,22,lineageIII,lineageIII
MZ169793,490,True,55774.7733,0.10429447852760737,8.058306312561037,-0.11165644171779145,76780,77905,19,18,19,21,21,31,19,41,25,53,18,30,14,21,18,39,35,17,8,22,lineageIII,lineageIII
MZ169799,490,True,55726.7767,0.1,7.834794425964357,-0.10204081632653064,76780,77780,20,17,20,21,19,33,19,35,24,58,19,31,15,19,19,35,35,21,8,22,lineageIII,lineageIII
MH053482,490,True,56078.1838,0.10612244897959183,8.199234199523925,-0.12653061224489798,76780,77905,18,18,19,21,22,33,19,40,24,53,18,33,15,21,20,31,36,19,8,22,lineageIII,lineageIII
OL774861,490,True,55838.89,0.1,8.058886528015137,-0.10306122448979595,75290,76290,19,17,20,21,20,33,18,38,22,58,18,32,15,19,22,35,35,19,8,21,lineageIII,lineageIII
MH053478,490,True,55976.0107,0.10204081632653061,7.841692543029786,-0.11448979591836737,76780,77780,21,17,20,21,20,31,20,35,22,57,19,34,15,19,21,33,33,22,8,22,lineageIII,lineageIII
MH053474,490,True,55914.014500000005,0.10408163265306122,8.194850349426268,-0.11428571428571431,76780,77905,19,18,19,21,21,33,19,40,26,56,18,31,13,21,18,35,36,16,8,22,lineageIII,lineageIII
MK118011,490,True,55713.690200000005,0.10429447852760737,7.815711784362794,-0.12740286298568512,76780,77905,20,18,21,20,21,33,19,39,26,55,18,31,14,21,17,34,36,16,8,22,lineageIII,lineageIII
MK107917,490,True,55825.8597,0.10612244897959183,8.029811286926268,-0.10612244897959186,76780,77905,19,18,21,20,22,33,18,40,26,53,18,29,14,21,18,37,35,18,8,22,lineageIII,lineageIII
MK107968,490,True,55882.793600000005,0.10204081632653061,7.822287559509278,-0.1342857142857143,76780,77905,19,18,19,22,20,34,19,39,22,56,18,32,13,20,21,35,37,16,8,22,lineageIII,lineageIII
MK117849,490,True,55881.9115,0.10204081632653061,7.82074031829834,-0.12000000000000004,76780,77905,20,18,18,23,20,33,19,38,23,56,19,31,14,20,20,35,36,17,8,22,lineageIII,lineageIII
MK107965,490,True,56066.208199999994,0.10204081632653061,7.555857276916504,-0.1185714285714286,76780,77780,20,17,20,23,20,30,20,36,25,58,19,32,15,18,19,32,36,20,8,22,lineageIII,lineageIII
MK117852,490,True,55895.9595,0.10408163265306122,8.197042274475098,-0.12571428571428575,76780,77905,19,18,19,21,21,34,19,40,25,55,18,31,14,21,19,34,36,16,8,22,lineageIII,lineageIII
MK107953,490,True,55944.0171,0.10408163265306122,7.817323493957519,-0.11204081632653064,76780,77905,18,18,19,21,21,32,19,40,25,54,19,32,14,22,17,35,36,18,8,22,lineageIII,lineageIII
MK107949,490,True,55815.76729999999,0.10204081632653061,7.820675849914552,-0.12244897959183676,76780,77905,21,18,19,22,20,33,19,38,23,55,19,31,13,20,20,36,36,17,8,22,lineageIII,lineageIII
MK107947,490,True,55897.95389999999,0.10408163265306122,8.196590995788572,-0.11877551020408167,76780,77905,19,18,19,21,21,33,21,41,26,55,17,31,14,19,18,35,36,16,8,22,lineageIII,lineageIII
MK117952,490,True,55895.9595,0.10408163265306122,8.197042274475098,-0.12571428571428575,76780,77905,19,18,19,21,21,34,19,40,25,55,18,31,14,21,19,34,36,16,8,22,lineageIII,lineageIII
MK107941,490,True,55909.946299999996,0.10408163265306122,8.199234199523925,-0.1222448979591837,76780,77905,20,18,19,21,21,33,19,39,24,54,18,31,14,21,20,34,36,18,8,22,lineageIII,lineageIII
MK107940,490,True,55842.92999999999,0.10408163265306122,8.031487464904785,-0.10306122448979595,75290,76415,18,18,19,21,22,32,19,40,27,54,18,31,14,21,16,36,37,18,8,21,lineageIII,lineageIII
MK107914,490,True,55868.9127,0.10204081632653061,7.538521385192872,-0.113265306122449,78270,79395,20,18,19,23,19,35,19,41,23,56,19,30,13,20,20,34,35,15,8,23,lineageIII,lineageIII
MK107939,490,True,55897.010299999994,0.10408163265306122,8.035420036315916,-0.10285714285714288,75290,76415,19,18,20,21,22,33,19,39,25,54,19,30,14,21,19,36,33,19,8,21,lineageIII,lineageIII
MK107934,490,True,56050.22349999999,0.10204081632653061,8.20374698638916,-0.113265306122449,76780,77905,19,18,18,23,20,34,19,39,22,56,20,32,13,19,23,34,33,18,8,22,lineageIII,lineageIII
MK107933,490,True,55881.9115,0.10204081632653061,7.82074031829834,-0.12000000000000004,76780,77905,20,18,18,23,20,33,19,38,23,56,19,31,14,20,20,35,36,17,8,22,lineageIII,lineageIII
MK107932,490,True,55835.84479999999,0.1,7.822352027893067,-0.11632653061224493,76780,77905,20,18,18,23,19,34,19,39,22,57,19,31,13,20,21,36,35,16,8,22,lineageIII,lineageIII
MK107931,490,True,55835.84479999999,0.1,7.822352027893067,-0.11632653061224493,76780,77905,20,18,18,23,19,34,19,39,22,57,19,31,13,20,21,36,35,16,8,22,lineageIII,lineageIII
MK107930,490,True,55863.869699999996,0.10204081632653061,7.538578224182129,-0.11306122448979594,76780,77905,19,18,19,23,20,33,19,40,24,55,18,31,14,20,19,36,34,18,8,22,lineageIII,lineageIII
MK107929,490,True,55991.1663,0.1,7.55881290435791,-0.08795918367346942,76780,77780,19,17,19,22,19,31,20,37,22,59,20,32,15,19,20,34,35,20,8,22,lineageIII,lineageIII
MK107921,490,True,55938.9411,0.10408163265306122,7.820675849914552,-0.116530612244898,76780,77905,19,18,19,22,21,33,19,41,23,55,18,32,14,20,20,36,34,16,8,22,lineageIII,lineageIII
MK107920,490,True,55841.94529999999,0.10408163265306122,8.190466499328615,-0.12285714285714289,76780,77905,19,18,19,21,21,33,19,40,28,55,18,31,14,21,16,35,36,16,8,22,lineageIII,lineageIII
MK107919,490,True,55914.014500000005,0.10408163265306122,8.194850349426268,-0.11428571428571431,76780,77905,19,18,19,21,21,33,19,40,26,56,18,31,13,21,18,35,36,16,8,22,lineageIII,lineageIII
MK107918,490,True,55835.9041,0.10408163265306122,7.818935203552247,-0.08265306122448983,76780,77905,22,18,20,21,21,32,19,42,24,53,18,30,14,21,19,36,32,18,8,22,lineageIII,lineageIII
MK107935,490,True,55896.9262,0.10204081632653061,7.822352027893067,-0.11469387755102044,76780,77905,20,18,18,23,20,33,19,40,22,56,19,30,14,20,21,37,35,15,8,22,lineageIII,lineageIII
OM140829,490,True,55964.058099999995,0.1,7.558642387390138,-0.10204081632653064,76780,77780,19,17,20,21,19,31,20,37,22,57,20,33,15,19,20,34,35,21,8,22,lineageIII,lineageIII
MH053476,490,True,55991.1663,0.1,7.55881290435791,-0.08795918367346942,76780,77780,19,17,19,22,19,31,20,37,22,59,20,32,15,19,20,34,35,20,8,22,lineageIII,lineageIII
MH887809,490,True,55897.8462,0.10408163265306122,7.5396013259887695,-0.12265306122448982,76780,77905,20,18,19,23,21,33,19,39,23,55,18,31,14,20,20,36,34,17,8,22,lineageIII,lineageIII
MH053589,490,True,55876.072499999995,0.10408163265306122,8.324109458923342,-0.10775510204081637,75290,76415,19,18,19,21,22,33,18,40,27,55,19,29,14,22,18,37,34,16,8,21,lineageIII,lineageIII
KM821980,490,True,55911.9555,0.10408163265306122,8.033485984802244,-0.11448979591836737,76780,77905,19,18,18,22,21,32,19,40,25,54,18,32,14,21,18,36,35,18,8,22,lineageIII,lineageIII
KT992424,490,True,56019.1136,0.10408163265306122,8.035420036315916,-0.1316326530612245,76780,77905,18,18,19,22,21,33,19,40,24,54,20,31,14,20,20,36,35,16,8,22,lineageIII,lineageIII
MG812635,490,True,56059.182400000005,0.10204081632653061,7.8434331893920906,-0.1148979591836735,76780,77780,20,17,20,22,20,31,21,35,23,58,19,30,15,19,21,33,35,21,8,22,lineageIII,lineageIII
KT992423,490,True,55901.98389999999,0.10408163265306122,8.033485984802244,-0.11938775510204085,76780,77905,18,18,19,22,21,34,19,40,25,54,19,30,14,20,19,36,35,17,8,22,lineageIII,lineageIII
KT992422,490,True,55901.98389999999,0.10408163265306122,8.033485984802244,-0.11938775510204085,76780,77905,18,18,19,22,21,34,19,40,25,54,19,30,14,20,19,36,35,17,8,22,lineageIII,lineageIII
GU481070,490,True,55694.7612,0.10020449897750512,7.841628074645997,-0.09079754601226997,76780,77780,20,17,19,21,19,32,20,34,22,58,20,32,15,18,20,35,35,22,8,22,lineageIII,lineageIII
GU481072,490,True,55892.0386,0.1,8.057790565490723,-0.10285714285714288,76780,77780,20,17,19,21,19,32,20,36,23,58,20,32,15,19,20,34,35,20,8,22,lineageIII,lineageIII
OM140831,490,True,55896.901,0.10204081632653061,7.263136482238769,-0.10612244897959186,76780,77780,20,17,21,21,20,31,20,35,23,58,19,32,15,19,19,35,34,21,8,22,lineageIII,lineageIII
